C1020079,Others,New Arrivals,P62BNL820MA2636,C0603,2,Knowles,Extended,0603 New Arrivals ROHS,https://datasheet.lcsc.com/lcsc/2107280540_Knowles-P62BNL820MA2636_C1020079.pdf,1000-:2.840944882,200-499:2.998425197,30-199:7.748031496,1-9:7.748031496,500-999:2.892913386,10-29:7.748031496,0,
C1021740,Others,SMT,[JLCSMT]-STM32F030F4P6TR,TSSOP-20_4.4x6.5x0.65P,20,STMicroelectronics,Extended,TSSOP-20 SMT ROHS, , ,0,
C1021741,Others,SMT,[JLCSMT]-STM8S103F3P6,TSSOP-20_4.4x6.5x0.65P,20,STMicroelectronics,Extended,TSSOP-20 SMT ROHS, , ,0,
C1021742,Others,SMT,[JLCSMT]-STM8S003F3P6TR,TSSOP-20_4.4x6.5x0.65P,20,STMicroelectronics,Extended,TSSOP-20 SMT ROHS, , ,0,
C1021743,Others,SMT,[JLCSMT]-STM32F429ZGT6,LQFP-144_20.0x20.0x0.5P,144,STMicroelectronics,Extended,LQFP-144_20x20x05P SMT ROHS, , ,0,
C1021744,Others,SMT,[JLCSMT]-STM32F103R8T6,LQFP-64_10.0x10.0x0.5P,64,STMicroelectronics,Extended,LQFP-64_10x10x05P SMT ROHS, , ,0,
C1021745,Others,SMT,[JLCSMT]-STM32F407VET6,LQFP-100_14.0x14.0x0.5P,100,STMicroelectronics,Extended,LQFP-100_14x14x05P SMT ROHS, ,1-29:8.440944882,30-:7.874015748,0,
C1021746,Others,SMT,[JLCSMT]-STM32F030C8T6,LQFP-48_7.0x7.0x0.5P,48,STMicroelectronics,Extended,LQFP-48_7x7x05P SMT ROHS, , ,0,
C1021747,Others,SMT,[JLCSMT]-STM8L051F3P6TR,TSSOP-20_4.4x6.5x0.65P,20,STMicroelectronics,Extended,TSSOP-20 SMT ROHS, , ,0,
C1021748,Others,SMT,[JLCSMT]-STM32F405RGT6,LQFP-64_10.0x10.0x0.5P,64,STMicroelectronics,Extended,LQFP-64_10x10x05P SMT ROHS, , ,0,
C1021749,Others,SMT,[JLCSMT]-STM32F407VGT6,LQFP-100_14.0x14.0x0.5P,100,STMicroelectronics,Extended,LQFP-100_14x14x05P SMT ROHS, , ,0,
C1021750,Others,SMT,[JLCSMT]-STM32L151C8T6,LQFP-48_7.0x7.0x0.5P,48,STMicroelectronics,Extended,LQFP-48_7x7x05P SMT ROHS, , ,0,
C1021751,Others,SMT,[JLCSMT]-STM32F103RBT6,LQFP-64_10.0x10.0x0.5P,64,STMicroelectronics,Extended,LQFP-64_10x10x05P SMT ROHS, , ,0,
C1021752,Others,SMT,[JLCSMT]-STM32F103C8T6,LQFP-48_7.0x7.0x0.5P,48,STMicroelectronics,Extended,LQFP-48_7x7x05P SMT ROHS, , ,0,
C1021753,Others,SMT,[JLCSMT]-STM32F103RCT6,LQFP-64_10.0x10.0x0.5P,64,STMicroelectronics,Extended,LQFP-64_10x10x05P SMT ROHS, , ,0,
C1021754,Others,SMT,[JLCSMT]-STM32F103RET6,LQFP-64_10.0x10.0x0.5P,64,STMicroelectronics,Extended,LQFP-64_10x10x05P SMT ROHS, ,1-999:0.000629921,1000-:0.000196850,0,
C1021755,Others,SMT,[JLCSMT]-STM32F107VCT6,LQFP-100_14.0x14.0x0.5P,100,STMicroelectronics,Extended,LQFP-100_14x14x05P SMT ROHS, , ,0,
C1021756,Others,SMT,[JLCSMT]-STM32F103VBT6,LQFP-100_14.0x14.0x0.5P,100,STMicroelectronics,Extended,LQFP-100_14x14x05P SMT ROHS, , ,0,
C1021757,Others,SMT,[JLCSMT]-STM32F103VCT6,LQFP-100_14.0x14.0x0.5P,100,STMicroelectronics,Extended,LQFP-100_14x14x05P SMT ROHS, , ,0,
C1021758,Others,SMT,[JLCSMT]-STM32F103VET6,LQFP-100_14.0x14.0x0.5P,100,STMicroelectronics,Extended,LQFP-100_14x14x05P SMT ROHS, , ,0,
C1021759,Others,SMT,[JLCSMT]-STM32F103CBT6,LQFP-48_7.0x7.0x0.5P,48,STMicroelectronics,Extended,LQFP-48_7x7x05P SMT ROHS, ,1000-:0.000196850,1-999:0.000629921,0,
C1021760,Others,SMT,[JLCSMT]-STM32F103ZET6,LQFP-144_20.0x20.0x0.5P,144,STMicroelectronics,Extended,LQFP-144_20x20x05P SMT ROHS, , ,0,
C1021761,Others,SMT,[JLCSMT]-STM8S105K6T6C,LQFP-32_7.0x7.0x0.8P,32,STMicroelectronics,Extended,LQFP-32_7x7x08P SMT ROHS, , ,0,
C108333,Others,New Arrivals,MB15E03SLPFV1-G-ER-6E1,SSOP-16,16,FUJITSU,Extended,SSOP-16 New Arrivals ROHS, ,1-9:1.554330709,10-29:1.275590551,30-99:1.072440945,100-499:0.905511811,1000-:0.862992126,500-999:0.877165354,0,
C116189,Others,Lack of specifications,AH9247NTR-G1,SOT-23-3,3,Diodes Incorporated,Extended,SOT-23-3 Lack of specifications RoHS, ,500-:0.062362205,150-495:0.066141732,5-45:0.091968504,50-145:0.070236220,0,
C125810,Others,New Arrivals,LP3992IMFX-1.5/NOPB,SOT-23-5,5,Texas Instruments,Extended,SOT-23 New Arrivals ROHS, , ,0,
C1517765,Others,New Arrivals,P62BNL820MA02636T,C0603,2,Knowles,Extended,0603 New Arrivals ROHS,https://datasheet.lcsc.com/lcsc/2201180430_Knowles-P62BNL820MA02636T_C1517765.pdf,1000-:2.354330709,200-499:2.483464567,30-199:6.417322835,1-9:6.417322835,500-999:2.396850394,10-29:6.417322835,0,
C1519113,Others,New Arrivals,AD534JHZ,TO-100,10,Analog Devices,Extended,TO-100-10 New Arrivals ROHS,https://datasheet.lcsc.com/lcsc/2107290730_Analog-Devices-AD534JHZ_C1519113.pdf,1000-:17.377952756,200-499:18.340157480,30-199:47.392125984,1-9:47.392125984,500-999:17.696062992,10-29:47.392125984,0,
C1522656,Others,New Arrivals,MAX14970ETP+,TQFN-20,21,Maxim Integrated,Extended,TQFN-20(4x4) New Arrivals ROHS,https://datasheet.lcsc.com/lcsc/2201180600_Maxim-Integrated-MAX14970ETP-_C1522656.pdf,1000-:2.253543307,200-499:2.379527559,30-199:6.146456693,1-9:6.146456693,500-999:2.296062992,10-29:6.146456693,0,
C1522660,Others,New Arrivals,DS90LV004TVS/NOPB,TQFP-48_7.0x7.0x0.5P,48,Texas Instruments,Extended,TQFP-48(7x7) New Arrivals ROHS, ,500-999:1.787401575,1000-:1.755905512,200-499:1.851968504,10-29:4.785826772,1-9:4.785826772,30-199:4.785826772,0,
C1522672,Others,New Arrivals,MAX14954ETO+,TQFN-42,43,Maxim Integrated,Extended,TQFN-42_EP(3.5x9) New Arrivals ROHS,https://datasheet.lcsc.com/lcsc/2107291030_Maxim-Integrated-MAX14954ETO-_C1522672.pdf,1000-:8.080314961,200-499:8.527559055,30-199:22.034645669,1-9:22.034645669,500-999:8.228346457,10-29:22.034645669,0,
C1522674,Others,New Arrivals,MAX4951AECTP+,TQFN-20,21,Maxim Integrated,Extended,TQFN-20(4x4) New Arrivals ROHS,https://datasheet.lcsc.com/lcsc/2201180600_Maxim-Integrated-MAX4951AECTP-_C1522674.pdf,1000-:1.604724409,200-499:1.692913386,30-199:4.373228346,1-9:4.373228346,500-999:1.633070866,10-29:4.373228346,0,
C1522675,Others,New Arrivals,MAX4951CCTP+,QFN-20,21,Maxim Integrated,Extended,- New Arrivals ROHS,https://datasheet.lcsc.com/lcsc/2201180600_Maxim-Integrated-MAX4951CCTP-_C1522675.pdf,1000-:1.524409449,200-499:1.607874016,30-199:4.155905512,1-9:4.155905512,500-999:1.552755906,10-29:4.155905512,0,
C1523455,Others,New Arrivals,AD532KHZ,TO-100,10,Analog Devices,Extended,TO-100-10 New Arrivals ROHS,https://datasheet.lcsc.com/lcsc/2107291030_Analog-Devices-AD532KHZ_C1523455.pdf,1000-:37.719685039,200-499:39.811023622,30-199:102.872440945,1-9:102.872440945,500-999:38.411023622,10-29:102.872440945,0,
C1523458,Others,New Arrivals,AD532SH/883B,TO-100,10,Analog Devices,Extended,TO-100-10 New Arrivals ROHS,https://datasheet.lcsc.com/lcsc/2107291030_Analog-Devices-AD532SH-883B_C1523458.pdf,1000-:73.168503937,200-499:77.223622047,30-199:199.549606299,1-9:199.549606299,500-999:74.510236220,10-29:199.549606299,0,
C1523459,Others,New Arrivals,AD632SH/883B,TO-100,10,Analog Devices,Extended,TO-100-10 New Arrivals ROHS,https://datasheet.lcsc.com/lcsc/2201180630_Analog-Devices-AD632SH-883B_C1523459.pdf,1000-:66.880314961,200-499:70.587401575,30-199:182.401574803,1-9:182.401574803,500-999:68.107086614,10-29:182.401574803,0,
C1523460,Others,New Arrivals,AD632SH,TO-100,10,Analog Devices,Extended,TO-100-10 New Arrivals ROHS,https://datasheet.lcsc.com/lcsc/2201180630_Analog-Devices-AD632SH_C1523460.pdf,1000-:48.987401575,200-499:51.702362205,30-199:133.600000000,1-9:133.600000000,500-999:49.885039370,10-29:133.600000000,0,
C1523461,Others,New Arrivals,AD632BHZ,TO-100,10,Analog Devices,Extended,TO-100-10 New Arrivals ROHS,https://datasheet.lcsc.com/lcsc/2201180630_Analog-Devices-AD632BHZ_C1523461.pdf,1000-:16.848818898,200-499:17.782677165,30-199:45.951181102,1-9:45.951181102,500-999:17.157480315,10-29:45.951181102,0,
C1523462,Others,New Arrivals,AD532JHZ,TO-100,10,Analog Devices,Extended,TO-100-10 New Arrivals ROHS,https://datasheet.lcsc.com/lcsc/2107291030_Analog-Devices-AD532JHZ_C1523462.pdf,1000-:24.236220472,200-499:25.579527559,30-199:66.097637795,1-9:66.097637795,500-999:24.680314961,10-29:66.097637795,0,
C1523477,Others,New Arrivals,AD632TH/883B,TO-100,10,Analog Devices,Extended,TO-100-10 New Arrivals ROHS,https://datasheet.lcsc.com/lcsc/2201180630_Analog-Devices-AD632TH-883B_C1523477.pdf,1000-:63.081889764,200-499:66.577952756,30-199:172.040944882,1-9:172.040944882,500-999:64.237795276,10-29:172.040944882,0,
C154564,Others,New Arrivals,CPH6445-TL-W,SOT-23-6,6,onsemi,Extended,CPH-6 New Arrivals ROHS, ,1000-:0.000196850,1-999:0.000629921,0,
C1547612,Others,New Arrivals,MAX4952ACTI+,TQFN-28,29,Maxim Integrated,Extended,TQFN-28_EP(3.5x5.5) New Arrivals ROHS,https://datasheet.lcsc.com/lcsc/2201181230_Maxim-Integrated-MAX4952ACTI-_C1547612.pdf,1000-:6.135433071,200-499:6.475590551,30-199:16.732283465,1-9:16.732283465,500-999:6.248818898,10-29:16.732283465,0,
C1547639,Others,New Arrivals,MAX9153EUI+,TSSOP-28,28,Maxim Integrated,Extended,TSSOP-28 New Arrivals ROHS,https://datasheet.lcsc.com/lcsc/2201181230_Maxim-Integrated-MAX9153EUI-_C1547639.pdf,1000-:4.111811024,200-499:4.338582677,30-199:11.211023622,1-9:11.211023622,500-999:4.187401575,10-29:11.211023622,0,
C1547640,Others,New Arrivals,MAX9150EUI+,TSSOP-28_L7.8-W4.4-P0.65-LS6.4,28,Maxim Integrated,Extended,TSSOP-28 New Arrivals ROHS,https://datasheet.lcsc.com/lcsc/2201181230_Maxim-Integrated-MAX9150EUI-_C1547640.pdf,10-29:9.929133858,500-999:3.707086614,1-9:9.929133858,30-199:9.929133858,200-499:3.842519685,1000-:3.640944882,0,
C1547726,Others,New Arrivals,SCAN90004TVS/NOPB,TQFP-48,48,Texas Instruments,Extended,TQFP-48(7x7) New Arrivals ROHS,https://datasheet.lcsc.com/lcsc/2201181230_Texas-Instruments-SCAN90004TVS-NOPB_C1547726.pdf,1000-:2.913385827,200-499:3.074015748,30-199:7.943307087,1-9:7.943307087,500-999:2.966929134,10-29:7.943307087,0,
C1566833,Others,New Arrivals,20108D1C221K5E,SIP-8,8,Vishay Intertech,Extended,SIP-8 New Arrivals ROHS,https://datasheet.lcsc.com/lcsc/2105230409_Vishay-Intertech-20108D1C221K5E_C1566833.pdf,1000-:3.516535433,200-499:3.711811024,30-199:9.590551181,1-9:9.590551181,500-999:3.581102362,10-29:9.590551181,0,
C181397,Others,New Arrivals,LMR14203XMKE/NOPB,SOT23-6N,6,Texas Instruments,Extended,- New Arrivals ROHS, ,1000-:0.000196850,1-999:0.000629921,0,
C1850741,Others,New Arrivals,W3A41C102M4T2A,CAP-ARRAY-SMD,8,AVX,Extended,- New Arrivals ROHS,https://datasheet.lcsc.com/lcsc/2201100330_AVX-W3A41C102M4T2A_C1850741.pdf,1000-:0.080787402,200-499:0.085354331,30-199:0.220472441,1-9:0.220472441,500-999:0.082362205,10-29:0.220472441,0,
C1853311,Others,New Arrivals,CA0612JRNPO9BN560,CAP-ARRAY-SMD,8,YAGEO,Extended,0612 New Arrivals ROHS, ,1000-:0.061102362,200-499:0.064409449,30-199:0.166614173,1-9:0.166614173,500-999:0.062204724,10-29:0.166614173,0,
C1853318,Others,New Arrivals,CA0612MRX7R9BB152,CAP-ARRAY-SMD,8,YAGEO,Extended,0612 New Arrivals ROHS, ,1000-:0.058897638,200-499:0.062204724,30-199:0.160740157,1-9:0.160740157,500-999:0.060000000,10-29:0.160740157,0,
C1853322,Others,New Arrivals,CA0612KRX7R9BB561,CAP-ARRAY-SMD,8,YAGEO,Extended,0612 New Arrivals ROHS, ,1000-:0.058897638,200-499:0.062204724,30-199:0.160740157,1-9:0.160740157,500-999:0.060000000,10-29:0.160740157,0,
C1853325,Others,New Arrivals,CA0612KRX7R9BB271,CAP-ARRAY-SMD,8,YAGEO,Extended,0612 New Arrivals ROHS, ,1000-:0.058897638,200-499:0.062204724,30-199:0.160740157,1-9:0.160740157,500-999:0.060000000,10-29:0.160740157,0,
C1853326,Others,New Arrivals,CA0612KRX7R9BB822,CAP-ARRAY-SMD,8,YAGEO,Extended,0612 New Arrivals ROHS, ,1000-:0.058897638,200-499:0.062204724,30-199:0.160740157,1-9:0.160740157,500-999:0.060000000,10-29:0.160740157,0,
C1853327,Others,New Arrivals,CA0612MRX7R8BB223,CAP-ARRAY-SMD,8,YAGEO,Extended,0612 New Arrivals ROHS, ,1000-:0.058897638,200-499:0.062204724,30-199:0.160740157,1-9:0.160740157,500-999:0.060000000,10-29:0.160740157,0,
C1853330,Others,New Arrivals,CA0612KRX7R9BB682,CAP-ARRAY-SMD,8,YAGEO,Extended,0612 New Arrivals ROHS, , ,0,
C1853331,Others,New Arrivals,CA0612MRX7R9BB222,CAP-ARRAY-SMD,8,YAGEO,Extended,0612 New Arrivals ROHS, ,1000-:0.058897638,200-499:0.062204724,30-199:0.160740157,1-9:0.160740157,500-999:0.060000000,10-29:0.160740157,0,
C1853333,Others,New Arrivals,CA0612KRNPO9BN180,CAP-ARRAY-SMD,8,YAGEO,Extended,0612 New Arrivals ROHS, ,1000-:0.058897638,200-499:0.062204724,30-199:0.160740157,1-9:0.160740157,500-999:0.060000000,10-29:0.160740157,0,
C1853339,Others,New Arrivals,CA0612MRX7R9BB472,CAP-ARRAY-SMD,8,YAGEO,Extended,0612 New Arrivals ROHS, ,1000-:0.057480315,200-499:0.060629921,30-199:0.156850394,1-9:0.156850394,500-999:0.058582677,10-29:0.156850394,0,
C1853343,Others,New Arrivals,CA0612JRNPO9BN121,CAP-ARRAY-SMD,8,YAGEO,Extended,0612 New Arrivals ROHS, ,1000-:0.057480315,200-499:0.060629921,30-199:0.156850394,1-9:0.156850394,500-999:0.058582677,10-29:0.156850394,0,
C1853363,Others,New Arrivals,CA0508JRNPO9BN120,CAP-ARRAY-SMD,8,YAGEO,Extended,0508 New Arrivals ROHS, ,1000-:0.045354331,200-499:0.047874016,30-199:0.123937008,1-9:0.123937008,500-999:0.046299213,10-29:0.123937008,0,
C1853374,Others,New Arrivals,CA0612KRNPO9BN390,CAP-ARRAY-SMD,8,YAGEO,Extended,0612 New Arrivals ROHS, ,1000-:0.064881890,200-499:0.068346457,30-199:0.176850394,1-9:0.176850394,500-999:0.065984252,10-29:0.176850394,0,
C1853396,Others,New Arrivals,CA0612KRNPO0BN331,CAP-ARRAY-SMD,8,YAGEO,Extended,0612 New Arrivals ROHS, , ,0,
C1853398,Others,New Arrivals,CA0612KRNPO0BN470,CAP-ARRAY-SMD,8,YAGEO,Extended,0612 New Arrivals ROHS, ,1000-:0.050866142,200-499:0.053700787,30-199:0.138740157,1-9:0.138740157,500-999:0.051811024,10-29:0.138740157,0,
C1853406,Others,New Arrivals,CA0508KRNPO9BN390,CAP-ARRAY-SMD,8,YAGEO,Extended,0508 New Arrivals ROHS, ,1000-:0.045354331,200-499:0.047874016,30-199:0.123937008,1-9:0.123937008,500-999:0.046299213,10-29:0.123937008,0,
C1853413,Others,New Arrivals,CA0508JRNPO9BN180,CAP-ARRAY-SMD,8,YAGEO,Extended,0508 New Arrivals ROHS, ,1000-:0.045354331,200-499:0.047874016,30-199:0.123937008,1-9:0.123937008,500-999:0.046299213,10-29:0.123937008,0,
C1853419,Others,New Arrivals,CA0508KRNPO9BN680,CAP-ARRAY-SMD,8,YAGEO,Extended,0508 New Arrivals ROHS, ,1000-:0.045354331,200-499:0.047874016,30-199:0.123937008,1-9:0.123937008,500-999:0.046299213,10-29:0.123937008,0,
C1853426,Others,New Arrivals,CA0508JRNPO9BN680,CAP-ARRAY-SMD,8,YAGEO,Extended,0508 New Arrivals ROHS, ,1000-:0.045354331,200-499:0.047874016,30-199:0.123937008,1-9:0.123937008,500-999:0.046299213,10-29:0.123937008,0,
C1853430,Others,New Arrivals,CA0508KRX7R8BB472,CAP-ARRAY-SMD,8,YAGEO,Extended,0508 New Arrivals ROHS, ,1000-:0.037637795,200-499:0.039842520,30-199:0.102834646,1-9:0.102834646,500-999:0.038425197,10-29:0.102834646,0,
C1853432,Others,New Arrivals,CA0508MRX7R8BB472,CAP-ARRAY-SMD,8,YAGEO,Extended,0508 New Arrivals ROHS, ,1000-:0.037637795,200-499:0.039842520,30-199:0.102834646,1-9:0.102834646,500-999:0.038425197,10-29:0.102834646,0,
C1853448,Others,New Arrivals,CA0612JPNPO9BN271,CAP-ARRAY-SMD,8,YAGEO,Extended,0612 New Arrivals ROHS, ,1000-:0.045196850,200-499:0.047716535,30-199:0.123307087,1-9:0.123307087,500-999:0.045984252,10-29:0.123307087,0,
C1853449,Others,New Arrivals,CA0508KPNPO9BN181,CAP-ARRAY-SMD,8,YAGEO,Extended,0508 New Arrivals ROHS, ,1000-:0.048031496,200-499:0.050551181,30-199:0.130866142,1-9:0.130866142,500-999:0.048818898,10-29:0.130866142,0,
C1853450,Others,New Arrivals,CA0508JRNPO9BN151,CAP-ARRAY-SMD,8,YAGEO,Extended,0508 New Arrivals ROHS, , ,0,
C1853452,Others,New Arrivals,CA0508JRNPO9BN121,CAP-ARRAY-SMD,8,YAGEO,Extended,0508 New Arrivals ROHS, ,1000-:0.053070866,200-499:0.056062992,30-199:0.144881890,1-9:0.144881890,500-999:0.054015748,10-29:0.144881890,0,
C1853456,Others,New Arrivals,CA0612KRNPO0BN151,CAP-ARRAY-SMD,8,YAGEO,Extended,0612 New Arrivals ROHS, ,1000-:0.050866142,200-499:0.053700787,30-199:0.138740157,1-9:0.138740157,500-999:0.051811024,10-29:0.138740157,0,
C1853457,Others,New Arrivals,CA0612KRNPO0BN330,CAP-ARRAY-SMD,8,YAGEO,Extended,0612 New Arrivals ROHS, ,1000-:0.050866142,200-499:0.053700787,30-199:0.138740157,1-9:0.138740157,500-999:0.051811024,10-29:0.138740157,0,
C1853458,Others,New Arrivals,CA0612KRNPO0BN100,CAP-ARRAY-SMD,8,YAGEO,Extended,0612 New Arrivals ROHS, ,1000-:0.050866142,200-499:0.053700787,30-199:0.138740157,1-9:0.138740157,500-999:0.051811024,10-29:0.138740157,0,
C1853464,Others,New Arrivals,CA0508KRNPO9BN560,CAP-ARRAY-SMD,8,YAGEO,Extended,0508 New Arrivals ROHS, ,1000-:0.045354331,200-499:0.047874016,30-199:0.123937008,1-9:0.123937008,500-999:0.046299213,10-29:0.123937008,0,
C1853465,Others,New Arrivals,CA0612MRX7R7BB103,CAP-ARRAY-SMD,8,YAGEO,Extended,0612 New Arrivals ROHS, ,1000-:0.044566929,200-499:0.046929134,30-199:0.121417323,1-9:0.121417323,500-999:0.045354331,10-29:0.121417323,0,
C1853467,Others,New Arrivals,CA0612KRNPO9BN270,CAP-ARRAY-SMD,8,YAGEO,Extended,0612 New Arrivals ROHS, ,1000-:0.049606299,200-499:0.052283465,30-199:0.135275591,1-9:0.135275591,500-999:0.050551181,10-29:0.135275591,0,
C1853477,Others,New Arrivals,CA0508KRNPO9BN270,CAP-ARRAY-SMD,8,YAGEO,Extended,0508 New Arrivals ROHS, ,1000-:0.045354331,200-499:0.047874016,30-199:0.123937008,1-9:0.123937008,500-999:0.046299213,10-29:0.123937008,0,
C1853587,Others,New Arrivals,CA0612JRNPO9BN200,CAP-ARRAY-SMD,8,YAGEO,Extended,0612 New Arrivals ROHS, ,1000-:0.123622047,200-499:0.130393701,30-199:0.337007874,1-9:0.337007874,500-999:0.125826772,10-29:0.337007874,0,
C1853588,Others,New Arrivals,CA0508KPNPO9BN220,CAP-ARRAY-SMD,8,YAGEO,Extended,0508 New Arrivals ROHS, ,1000-:0.041102362,200-499:0.043307087,30-199:0.111968504,1-9:0.111968504,500-999:0.041732283,10-29:0.111968504,0,
C1853589,Others,New Arrivals,CA0612KRX7R7BB393,CAP-ARRAY-SMD,8,YAGEO,Extended,0612 New Arrivals ROHS, ,1000-:0.123622047,200-499:0.130393701,30-199:0.337007874,1-9:0.337007874,500-999:0.125826772,10-29:0.337007874,0,
C1853590,Others,New Arrivals,CA0612JRNPO9BN390,CAP-ARRAY-SMD,8,YAGEO,Extended,0612 New Arrivals ROHS, ,1000-:0.123622047,200-499:0.130393701,30-199:0.337007874,1-9:0.337007874,500-999:0.125826772,10-29:0.337007874,0,
C1853591,Others,New Arrivals,CA0612JRNPO9BN180,CAP-ARRAY-SMD,8,YAGEO,Extended,0612 New Arrivals ROHS, ,1000-:0.123622047,200-499:0.130393701,30-199:0.337007874,1-9:0.337007874,500-999:0.125826772,10-29:0.337007874,0,
C1853605,Others,New Arrivals,CA0612ZRY5V8BB683,CAP-ARRAY-SMD,8,YAGEO,Extended,0612 New Arrivals ROHS, ,1000-:0.068661417,200-499:0.072440945,30-199:0.187401575,1-9:0.187401575,500-999:0.069921260,10-29:0.187401575,0,
C1853606,Others,New Arrivals,CA0612KRX7R7BB683,CAP-ARRAY-SMD,8,YAGEO,Extended,0612 New Arrivals ROHS, ,1000-:0.123622047,200-499:0.130393701,30-199:0.337007874,1-9:0.337007874,500-999:0.125826772,10-29:0.337007874,0,
C1853607,Others,New Arrivals,CA0612JRNPO0BN470,CAP-ARRAY-SMD,8,YAGEO,Extended,0612 New Arrivals ROHS, ,1000-:0.071023622,200-499:0.074960630,30-199:0.193543307,1-9:0.193543307,500-999:0.072283465,10-29:0.193543307,0,
C1853613,Others,New Arrivals,CA0612KRX7R8BB104,CAP-ARRAY-SMD,8,YAGEO,Extended,0612 New Arrivals ROHS, , ,0,
C1853615,Others,New Arrivals,CA0508KRX7R7BB273,CAP-ARRAY-SMD,8,YAGEO,Extended,0508 New Arrivals ROHS, ,1000-:0.076220472,200-499:0.080314961,30-199:0.207716535,1-9:0.207716535,500-999:0.077480315,10-29:0.207716535,0,
C1853616,Others,New Arrivals,CA0508KRX7R7BB223,CAP-ARRAY-SMD,8,YAGEO,Extended,0508 New Arrivals ROHS, ,1000-:0.076220472,200-499:0.080314961,30-199:0.207716535,1-9:0.207716535,500-999:0.077480315,10-29:0.207716535,0,
C1853617,Others,New Arrivals,CA0508MRX7R7BB223,CAP-ARRAY-SMD,8,YAGEO,Extended,0508 New Arrivals ROHS, ,1000-:0.083307087,200-499:0.088031496,30-199:0.227244094,1-9:0.227244094,500-999:0.084881890,10-29:0.227244094,0,
C1853619,Others,New Arrivals,CA0612MRX7R9BB332,CAP-ARRAY-SMD,8,YAGEO,Extended,0612 New Arrivals ROHS, ,1000-:0.082362205,200-499:0.086929134,30-199:0.224724409,1-9:0.224724409,500-999:0.083937008,10-29:0.224724409,0,
C1853621,Others,New Arrivals,CA0612KRX7R7BB333,CAP-ARRAY-SMD,8,YAGEO,Extended,0612 New Arrivals ROHS, ,1000-:0.073228346,200-499:0.077322835,30-199:0.199842520,1-9:0.199842520,500-999:0.074645669,10-29:0.199842520,0,
C1853623,Others,New Arrivals,CA0508KPX7R7BB104,CAP-ARRAY-SMD,8,YAGEO,Extended,0508 New Arrivals ROHS, ,1000-:0.086614173,200-499:0.091496063,30-199:0.236377953,1-9:0.236377953,500-999:0.088346457,10-29:0.236377953,0,
C1853641,Others,New Arrivals,CA0612KRX7R7BB153,CAP-ARRAY-SMD,8,YAGEO,Extended,0612 New Arrivals ROHS, ,1000-:0.091653543,200-499:0.096692913,30-199:0.249921260,1-9:0.249921260,500-999:0.093385827,10-29:0.249921260,0,
C1853656,Others,New Arrivals,CA0508JRNPO9BN181,CAP-ARRAY-SMD,8,YAGEO,Extended,0508 New Arrivals ROHS, ,1000-:0.099370079,200-499:0.104881890,30-199:0.271181102,1-9:0.271181102,500-999:0.101259843,10-29:0.271181102,0,
C1853921,Others,New Arrivals,CA0508MRX7R7BB103,CAP-ARRAY-SMD,8,YAGEO,Extended,0508 New Arrivals ROHS, ,1000-:0.033700787,200-499:0.035590551,30-199:0.091968504,1-9:0.091968504,500-999:0.034330709,10-29:0.091968504,0,
C1853966,Others,New Arrivals,CA0612KRNPO0BN221,CAP-ARRAY-SMD,8,YAGEO,Extended,0612 New Arrivals ROHS, ,1000-:0.050866142,200-499:0.053700787,30-199:0.138740157,1-9:0.138740157,500-999:0.051811024,10-29:0.138740157,0,
C1855781,Others,New Arrivals,LTC4332HUFD#TRPBF,QFN-20,21,Analog Devices,Extended,QFN-20(4x5) New Arrivals ROHS, ,1000-:2.787401575,200-499:2.941732283,30-199:7.600000000,1-9:7.600000000,500-999:2.837795276,10-29:7.600000000,0,
C1864205,Others,New Arrivals,CA064X100J5GACTU,CAP-ARRAY-SMD,8,KEMET,Extended,0612 New Arrivals ROHS, ,1000-:0.058267717,200-499:0.061417323,30-199:0.158770079,1-9:0.158770079,500-999:0.059212598,10-29:0.158770079,0,
C1864206,Others,New Arrivals,CA064X220J5GACTU,CAP-ARRAY-SMD,8,KEMET,Extended,0612 New Arrivals ROHS, ,1000-:0.056220472,200-499:0.059370079,30-199:0.153543307,1-9:0.153543307,500-999:0.057322835,10-29:0.153543307,0,
C1864208,Others,New Arrivals,CA064X221J5GACTU,CAP-ARRAY-SMD,8,KEMET,Extended,0612 New Arrivals ROHS, ,1000-:0.056220472,200-499:0.059370079,30-199:0.153543307,1-9:0.153543307,500-999:0.057322835,10-29:0.153543307,0,
C1864209,Others,New Arrivals,CA064X101J5GACTU,CAP-ARRAY-SMD,8,KEMET,Extended,0612 New Arrivals ROHS, ,1000-:0.055590551,200-499:0.058740157,30-199:0.151653543,1-9:0.151653543,500-999:0.056692913,10-29:0.151653543,0,
C1864210,Others,New Arrivals,CA064X332K2RACTU,CAP-ARRAY-SMD,8,KEMET,Extended,0612 New Arrivals ROHS, ,1000-:0.049291339,200-499:0.052125984,30-199:0.134488189,1-9:0.134488189,500-999:0.050236220,10-29:0.134488189,0,
C1864211,Others,New Arrivals,CA064X104K4RACTU,CAP-ARRAY-SMD,8,KEMET,Extended,0612 New Arrivals ROHS, ,1000-:0.086141732,200-499:0.090866142,30-199:0.234803150,1-9:0.234803150,500-999:0.087716535,10-29:0.234803150,0,
C1864212,Others,New Arrivals,CA064X102K5RACTU,CAP-ARRAY-SMD,8,KEMET,Extended,0612 New Arrivals ROHS, ,1000-:0.031968504,200-499:0.033700787,30-199:0.087244094,1-9:0.087244094,500-999:0.032598425,10-29:0.087244094,0,
C1864213,Others,New Arrivals,CA064X104K4RACAUTO,CAP-ARRAY-SMD,8,KEMET,Extended,0612 New Arrivals ROHS, ,1000-:0.090078740,200-499:0.095118110,30-199:0.245669291,1-9:0.245669291,500-999:0.091811024,10-29:0.245669291,0,
C1864214,Others,New Arrivals,CA064X470J5GACTU,CAP-ARRAY-SMD,8,KEMET,Extended,0612 New Arrivals ROHS, ,1000-:0.054960630,200-499:0.057952756,30-199:0.149921260,1-9:0.149921260,500-999:0.055905512,10-29:0.149921260,0,
C1864215,Others,New Arrivals,CA064X473K4RACTU,CAP-ARRAY-SMD,8,KEMET,Extended,0612 New Arrivals ROHS, ,1000-:0.039527559,200-499:0.041732283,30-199:0.108031496,1-9:0.108031496,500-999:0.040314961,10-29:0.108031496,0,
C1864216,Others,New Arrivals,CA064X103K4RACTU,CAP-ARRAY-SMD,8,KEMET,Extended,0612 New Arrivals ROHS, ,1000-:0.038425197,200-499:0.040472441,30-199:0.104724409,1-9:0.104724409,500-999:0.039055118,10-29:0.104724409,0,
C1864217,Others,New Arrivals,CA064X222K5RACTU,CAP-ARRAY-SMD,8,KEMET,Extended,0612 New Arrivals ROHS, ,1000-:0.038267717,200-499:0.040472441,30-199:0.104566929,1-9:0.104566929,500-999:0.039055118,10-29:0.104566929,0,
C1864218,Others,New Arrivals,CA064X473K5RACTU,CAP-ARRAY-SMD,8,KEMET,Extended,0612 New Arrivals ROHS, ,1000-:0.034173228,200-499:0.036062992,30-199:0.093070866,1-9:0.093070866,500-999:0.034803150,10-29:0.093070866,0,
C1864219,Others,New Arrivals,CA064X103K5RACTU,CAP-ARRAY-SMD,8,KEMET,Extended,0612 New Arrivals ROHS, ,1000-:0.032913386,200-499:0.034803150,30-199:0.089763780,1-9:0.089763780,500-999:0.033543307,10-29:0.089763780,0,
C1870407,Others,New Arrivals,CA0508KRX7R7BB104,CAP-ARRAY-SMD,8,YAGEO,Extended,0508 New Arrivals ROHS, ,1000-:0.075748031,200-499:0.080000000,30-199:0.206614173,1-9:0.206614173,500-999:0.077165354,10-29:0.206614173,0,
C1882470,Others,New Arrivals,CA0612KRX7R8BB103,CAP-ARRAY-SMD,8,YAGEO,Extended,0612 New Arrivals ROHS, ,1000-:0.038897638,200-499:0.041102362,30-199:0.106141732,1-9:0.106141732,500-999:0.039685039,10-29:0.106141732,0,
C1882471,Others,New Arrivals,CA0612KRX7R7BB103,CAP-ARRAY-SMD,8,YAGEO,Extended,0612 New Arrivals ROHS, ,1000-:0.040472441,200-499:0.042677165,30-199:0.110393701,1-9:0.110393701,500-999:0.041259843,10-29:0.110393701,0,
C1882696,Others,New Arrivals,CA0612KRNPO9BN100,CAP-ARRAY-SMD,8,YAGEO,Extended,0612 New Arrivals ROHS, ,1000-:0.045039370,200-499:0.047559055,30-199:0.122992126,1-9:0.122992126,500-999:0.045984252,10-29:0.122992126,0,
C188650,Others,New Arrivals,TPS81256SIPR,9-uSiP,9,Texas Instruments,Extended,- New Arrivals ROHS, ,1000-:0.000196850,1-999:0.000629921,0,
C211669,Others,New Arrivals,AX3007-50ESA,SOP-8,8,Axelite Tech,Extended,SOP-8 New Arrivals ROHS, ,1000-:0.000196850,1-999:0.000629921,0,
C2155230,Others,New Arrivals,CA0508KRNPO9BN151,CAP-ARRAY-SMD,8,YAGEO,Extended,0508 New Arrivals ROHS, ,1000-:0.037637795,200-499:0.039685039,30-199:0.102677165,1-9:0.102677165,500-999:0.038425197,10-29:0.102677165,0,
C2155233,Others,New Arrivals,CA0612KRX7R7BB223,CAP-ARRAY-SMD,8,YAGEO,Extended,0612 New Arrivals ROHS, ,1000-:0.037322835,200-499:0.039370079,30-199:0.101732283,1-9:0.101732283,500-999:0.037952756,10-29:0.101732283,0,
C2155235,Others,New Arrivals,CA0612JRNPO9BN181,CAP-ARRAY-SMD,8,YAGEO,Extended,0612 New Arrivals ROHS, ,1000-:0.037007874,200-499:0.039055118,30-199:0.100944882,1-9:0.100944882,500-999:0.037637795,10-29:0.100944882,0,
C2155241,Others,New Arrivals,CA0612JRNPO9BN271,CAP-ARRAY-SMD,8,YAGEO,Extended,0612 New Arrivals ROHS, ,1000-:0.025039370,200-499:0.026456693,30-199:0.068188976,1-9:0.068188976,500-999:0.025511811,10-29:0.068188976,0,
C2155249,Others,New Arrivals,CA0612JRNPO9BN151,CAP-ARRAY-SMD,8,YAGEO,Extended,0612 New Arrivals ROHS, ,1000-:0.028346457,200-499:0.029921260,30-199:0.077165354,1-9:0.077165354,500-999:0.028818898,10-29:0.077165354,0,
C2155250,Others,New Arrivals,CA0612KRX7R9BB152,CAP-ARRAY-SMD,8,YAGEO,Extended,0612 New Arrivals ROHS, ,1000-:0.028818898,200-499:0.030393701,30-199:0.078425197,1-9:0.078425197,500-999:0.029291339,10-29:0.078425197,0,
C2155252,Others,New Arrivals,CA0612JRNPO9BN150,CAP-ARRAY-SMD,8,YAGEO,Extended,0612 New Arrivals ROHS, ,1000-:0.028346457,200-499:0.029921260,30-199:0.077165354,1-9:0.077165354,500-999:0.028818898,10-29:0.077165354,0,
C2155254,Others,New Arrivals,CA0612KRNPO9BN220,CAP-ARRAY-SMD,8,YAGEO,Extended,0612 New Arrivals ROHS, ,1000-:0.027244094,200-499:0.028661417,30-199:0.074173228,1-9:0.074173228,500-999:0.027716535,10-29:0.074173228,0,
C2155257,Others,New Arrivals,CA0612JRNPO9BN680,CAP-ARRAY-SMD,8,YAGEO,Extended,0612 New Arrivals ROHS, ,1000-:0.027244094,200-499:0.028661417,30-199:0.074173228,1-9:0.074173228,500-999:0.027716535,10-29:0.074173228,0,
C2155259,Others,New Arrivals,CA0612JRNPO9BN330,CAP-ARRAY-SMD,8,YAGEO,Extended,0612 New Arrivals ROHS, ,1000-:0.027244094,200-499:0.028661417,30-199:0.074173228,1-9:0.074173228,500-999:0.027716535,10-29:0.074173228,0,
C2155261,Others,New Arrivals,CA064X153K1RACAUTO,CAP-ARRAY-SMD,8,KEMET,Extended,0612 New Arrivals ROHS, ,1000-:0.035275591,200-499:0.037165354,30-199:0.096062992,1-9:0.096062992,500-999:0.035905512,10-29:0.096062992,0,
C2155262,Others,New Arrivals,CA064X332K2RAC7800,CAP-ARRAY-SMD,8,KEMET,Extended,0612 New Arrivals ROHS, ,1000-:0.035433071,200-499:0.037480315,30-199:0.096692913,1-9:0.096692913,500-999:0.036062992,10-29:0.096692913,0,
C2155289,Others,New Arrivals,CA0612KRX7R9BB391,CAP-ARRAY-SMD,8,YAGEO,Extended,0612 New Arrivals ROHS, ,1000-:0.071338583,200-499:0.075275591,30-199:0.194330709,1-9:0.194330709,500-999:0.072598425,10-29:0.194330709,0,
C2155294,Others,New Arrivals,CA0612JRNPO9BN471,CAP-ARRAY-SMD,8,YAGEO,Extended,0612 New Arrivals ROHS, ,1000-:0.073070866,200-499:0.077165354,30-199:0.199370079,1-9:0.199370079,500-999:0.074488189,10-29:0.199370079,0,
C2155296,Others,New Arrivals,CA0508JRNPO9BN560,CAP-ARRAY-SMD,8,YAGEO,Extended,0508 New Arrivals ROHS, ,1000-:0.030866142,200-499:0.032440945,30-199:0.083937008,1-9:0.083937008,500-999:0.031338583,10-29:0.083937008,0,
C2155344,Others,New Arrivals,CA0508JRNPO9BN150,CAP-ARRAY-SMD,8,YAGEO,Extended,0508 New Arrivals ROHS, ,1000-:0.022677165,200-499:0.023937008,30-199:0.061889764,1-9:0.061889764,500-999:0.023149606,10-29:0.061889764,0,
C2155345,Others,New Arrivals,CA0612KRX7R8BB223,CAP-ARRAY-SMD,8,YAGEO,Extended,0612 New Arrivals ROHS, ,1000-:0.022362205,200-499:0.023464567,30-199:0.060787402,1-9:0.060787402,500-999:0.022677165,10-29:0.060787402,0,
C2155346,Others,New Arrivals,CA0612KRX7R8BB102,CAP-ARRAY-SMD,8,YAGEO,Extended,0612 New Arrivals ROHS, ,1000-:0.021417323,200-499:0.022677165,30-199:0.058425197,1-9:0.058425197,500-999:0.021732283,10-29:0.058425197,0,
C2155347,Others,New Arrivals,CA0612MRX7R9BB221,CAP-ARRAY-SMD,8,YAGEO,Extended,0612 New Arrivals ROHS, ,1000-:0.024566929,200-499:0.025984252,30-199:0.067244094,1-9:0.067244094,500-999:0.025039370,10-29:0.067244094,0,
C2155348,Others,New Arrivals,CA0612KRX7R9BB332,CAP-ARRAY-SMD,8,YAGEO,Extended,0612 New Arrivals ROHS, ,1000-:0.024566929,200-499:0.025984252,30-199:0.067244094,1-9:0.067244094,500-999:0.025039370,10-29:0.067244094,0,
C2155349,Others,New Arrivals,CA0612KRX7R9BB331,CAP-ARRAY-SMD,8,YAGEO,Extended,0612 New Arrivals ROHS, ,1000-:0.024566929,200-499:0.025984252,30-199:0.067244094,1-9:0.067244094,500-999:0.025039370,10-29:0.067244094,0,
C2155350,Others,New Arrivals,CA0508JRNPO9BN330,CAP-ARRAY-SMD,8,YAGEO,Extended,0508 New Arrivals ROHS, ,1000-:0.022677165,200-499:0.023937008,30-199:0.061889764,1-9:0.061889764,500-999:0.023149606,10-29:0.061889764,0,
C2155351,Others,New Arrivals,CA0508KRNPO9BN150,CAP-ARRAY-SMD,8,YAGEO,Extended,0508 New Arrivals ROHS, ,1000-:0.024881890,200-499:0.026299213,30-199:0.067874016,1-9:0.067874016,500-999:0.025354331,10-29:0.067874016,0,
C2155352,Others,New Arrivals,CA0508KRNPO9BN100,CAP-ARRAY-SMD,8,YAGEO,Extended,0508 New Arrivals ROHS, ,1000-:0.024881890,200-499:0.026299213,30-199:0.067874016,1-9:0.067874016,500-999:0.025354331,10-29:0.067874016,0,
C2155353,Others,New Arrivals,CA0612KRNPO9BN271,CAP-ARRAY-SMD,8,YAGEO,Extended,0612 New Arrivals ROHS, ,1000-:0.024724409,200-499:0.026141732,30-199:0.067559055,1-9:0.067559055,500-999:0.025196850,10-29:0.067559055,0,
C2155354,Others,New Arrivals,CA0508KRNPO9BN180,CAP-ARRAY-SMD,8,YAGEO,Extended,0508 New Arrivals ROHS, ,1000-:0.022677165,200-499:0.023937008,30-199:0.061889764,1-9:0.061889764,500-999:0.023149606,10-29:0.061889764,0,
C222402,Others,New Arrivals,STM1061N34WX6F,SOT23-S1,3,STMicroelectronics,Extended,SOT-23-3 New Arrivals ROHS, ,1-999:0.000629921,1000-:0.000157480,0,
C223940,Others,New Arrivals,HE721A1200,TH-P,8,Littelfuse,Extended,- New Arrivals ROHS, ,1-999:0.000629921,1000-:0.000157480,0,
C225724,Others,New Arrivals,ASAA821-EASB0-7H,SMD-260,262,FOXCONN,Extended,- New Arrivals ROHS, ,1000-:0.000196850,1-999:0.000629921,0,
C233503,Others,New Arrivals,MC14049UBDTR2G,TSSOP-16_L5.0-W4.4-P0.65-LS6.4-BL,16,onsemi,Extended,TSSOP-16 New Arrivals ROHS, ,1-999:0.000629921,1000-:0.000157480,0,
C236136,Others,New Arrivals,MC1413BDG,SOP-16_L10.0-W3.9-P1.27-LS6.0-BL,16,onsemi,Extended,SOIC-16 New Arrivals ROHS, , ,0,
C236908,Others,New Arrivals,FDS8858CZ,SOP-8_L4.9-W3.9-P1.27-LS6.0,8,onsemi,Extended,SO-8 New Arrivals ROHS, ,1000-:0.000196850,1-999:0.000629921,0,
C255437,Others,New Arrivals,RS8052XK,SOP-8_L4.9-W3.9-P1.27-LS6.0-BL,8,Jiangsu RUNIC Tech,Extended,SOP-8 New Arrivals ROHS, ,1-999:0.000629921,1000-:0.000157480,0,
C2649748,Others,New Arrivals,CA064X103K1RACAUTO,CAP-ARRAY-SMD,8,KEMET,Extended,0612 New Arrivals ROHS,https://datasheet.lcsc.com/lcsc/2106080504_KEMET-CA064X103K1RACAUTO_C2649748.pdf,1000-:0.038582677,200-499:0.040787402,30-199:0.105354331,1-9:0.105354331,500-999:0.039370079,10-29:0.105354331,0,
C2649756,Others,New Arrivals,CA064X153K1RAC7800,CAP-ARRAY-SMD,8,KEMET,Extended,0612 New Arrivals ROHS,https://datasheet.lcsc.com/lcsc/2106080504_KEMET-CA064X153K1RAC7800_C2649756.pdf,1000-:0.035590551,200-499:0.037480315,30-199:0.096850394,1-9:0.096850394,500-999:0.036220472,10-29:0.096850394,0,
C2649758,Others,New Arrivals,CA064X103K1RAC7800,CAP-ARRAY-SMD,8,KEMET,Extended,0612 New Arrivals ROHS,https://datasheet.lcsc.com/lcsc/2106080504_KEMET-CA064X103K1RAC7800_C2649758.pdf,1000-:0.035590551,200-499:0.037637795,30-199:0.097165354,1-9:0.097165354,500-999:0.036377953,10-29:0.097165354,0,
C2649759,Others,New Arrivals,CA064X222K2RACAUTO,CAP-ARRAY-SMD,8,KEMET,Extended,0612 New Arrivals ROHS,https://datasheet.lcsc.com/lcsc/2106080504_KEMET-CA064X222K2RACAUTO_C2649759.pdf,1000-:0.038740157,200-499:0.040944882,30-199:0.105669291,1-9:0.105669291,500-999:0.039527559,10-29:0.105669291,0,
C2649760,Others,New Arrivals,CA064X103K2RACAUTO,CAP-ARRAY-SMD,8,KEMET,Extended,0612 New Arrivals ROHS,https://datasheet.lcsc.com/lcsc/2106080504_KEMET-CA064X103K2RACAUTO_C2649760.pdf,1000-:0.032440945,200-499:0.034173228,30-199:0.088346457,1-9:0.088346457,500-999:0.033070866,10-29:0.088346457,0,
C2649761,Others,New Arrivals,CA064X103K2RAC7800,CAP-ARRAY-SMD,8,KEMET,Extended,0612 New Arrivals ROHS,https://datasheet.lcsc.com/lcsc/2106080504_KEMET-CA064X103K2RAC7800_C2649761.pdf,1000-:0.035590551,200-499:0.037637795,30-199:0.097165354,1-9:0.097165354,500-999:0.036377953,10-29:0.097165354,0,
C2649771,Others,New Arrivals,CA0612MRX7R9BB103,CAP-ARRAY-SMD,8,YAGEO,Extended,0612 New Arrivals ROHS,https://datasheet.lcsc.com/lcsc/2106080504_YAGEO-CA0612MRX7R9BB103_C2649771.pdf,1000-:0.026929134,200-499:0.028346457,30-199:0.073228346,1-9:0.073228346,500-999:0.027401575,10-29:0.073228346,0,
C2649772,Others,New Arrivals,CA064X332K2RACAUTO,CAP-ARRAY-SMD,8,KEMET,Extended,0612 New Arrivals ROHS,https://datasheet.lcsc.com/lcsc/2106080504_KEMET-CA064X332K2RACAUTO_C2649772.pdf,1000-:0.038267717,200-499:0.040472441,30-199:0.104409449,1-9:0.104409449,500-999:0.039055118,10-29:0.104409449,0,
C2649775,Others,New Arrivals,CA064X222K2RAC7800,CAP-ARRAY-SMD,8,KEMET,Extended,0612 New Arrivals ROHS,https://datasheet.lcsc.com/lcsc/2106080504_KEMET-CA064X222K2RAC7800_C2649775.pdf,1000-:0.035748031,200-499:0.037795276,30-199:0.097480315,1-9:0.097480315,500-999:0.036377953,10-29:0.097480315,0,
C2649782,Others,New Arrivals,CA064X223K1RAC7800,CAP-ARRAY-SMD,8,KEMET,Extended,0612 New Arrivals ROHS,https://datasheet.lcsc.com/lcsc/2104030510_KEMET-CA064X223K1RAC7800_C2649782.pdf,1000-:0.036062992,200-499:0.038110236,30-199:0.098425197,1-9:0.098425197,500-999:0.036692913,10-29:0.098425197,0,
C2652377,Others,New Arrivals,PCA9507D,118,SOP-8,8,NXP Semicon,Extended,SO-8 New Arrivals ROHS,https://datasheet.lcsc.com/lcsc/2106080236_NXP-Semicon-PCA9507D-118_C2652377.pdf,1000-:0.250393701,200-499:0.262992126,30-199:0.680314961,1-9:0.680314961,500-999:0.255118110,10-29:0.680314961,0,
C2652380,Others,New Arrivals,PCA9614DP,118,TSSOP-10,10,NXP Semicon,Extended,TSSOP-10 New Arrivals ROHS, ,1000-:0.503937008,200-499:0.532283465,30-199:1.373228346,1-9:1.373228346,500-999:0.513385827,10-29:1.373228346,0,
C2652384,Others,New Arrivals,P82B96TD/S900,118,SOP-8,8,NXP Semicon,Extended,SO-8 New Arrivals ROHS,https://datasheet.lcsc.com/lcsc/2108070630_NXP-Semicon-P82B96TD-S900-118_C2652384.pdf,1000-:0.620472441,200-499:0.655118110,30-199:1.692913386,1-9:1.692913386,500-999:0.633070866,10-29:1.692913386,0,
C2652395,Others,New Arrivals,PCA9517D,118,SOP-8,8,NXP Semicon,Extended,SO-8 New Arrivals ROHS,https://datasheet.lcsc.com/lcsc/2106080235_NXP-Semicon-PCA9517D-118_C2652395.pdf,1000-:0.225196850,200-499:0.237795276,30-199:0.612598425,1-9:0.612598425,500-999:0.228346457,10-29:0.612598425,0,
C2652401,Others,New Arrivals,LTC4300A-2CMS8#TRPBF,MSOP-8,8,Analog Devices,Extended,MSOP-8 New Arrivals ROHS,https://datasheet.lcsc.com/lcsc/2106080235_Analog-Devices-LTC4300A-2CMS8-TRPBF_C2652401.pdf,1000-:0.891338583,200-499:0.940157480,30-199:2.428346457,1-9:2.428346457,500-999:0.907086614,10-29:2.428346457,0,
C2652404,Others,New Arrivals,PCA9514ADP,118,TSSOP-8,8,NXP Semicon,Extended,TSSOP-8 New Arrivals ROHS,https://datasheet.lcsc.com/lcsc/2106080235_NXP-Semicon-PCA9514ADP-118_C2652404.pdf,1000-:0.396850394,200-499:0.418897638,30-199:1.081889764,1-9:1.081889764,500-999:0.404724409,10-29:1.081889764,0,
C2652413,Others,New Arrivals,PCA9515DP,118,TSSOP-8,8,NXP Semicon,Extended,TSSOP-8 New Arrivals ROHS,https://datasheet.lcsc.com/lcsc/2106080235_NXP-Semicon-PCA9515DP-118_C2652413.pdf,1000-:0.269291339,200-499:0.285039370,30-199:0.733858268,1-9:0.733858268,500-999:0.274015748,10-29:0.733858268,0,
C2652416,Others,New Arrivals,PCA9512AD,118,SOP-8,8,NXP Semicon,Extended,SO-8 New Arrivals ROHS,https://datasheet.lcsc.com/lcsc/2106080235_NXP-Semicon-PCA9512AD-118_C2652416.pdf,1000-:0.396850394,200-499:0.418897638,30-199:1.081889764,1-9:1.081889764,500-999:0.404724409,10-29:1.081889764,0,
C2652418,Others,New Arrivals,PCA9508DP,118,TSSOP-8,8,NXP Semicon,Extended,TSSOP-8 New Arrivals ROHS,https://datasheet.lcsc.com/lcsc/2106080235_NXP-Semicon-PCA9508DP-118_C2652418.pdf,1000-:0.325984252,200-499:0.344881890,30-199:0.888188976,1-9:0.888188976,500-999:0.332283465,10-29:0.888188976,0,
C2652425,Others,New Arrivals,PCA9601D,118,SOP-8_L4.9-W3.9-P1.27-LS6.0-BL,8,NXP Semicon,Extended,SO-8 New Arrivals ROHS,https://datasheet.lcsc.com/lcsc/2106080235_NXP-Semicon-PCA9601D-118_C2652425.pdf,1-9:1.705511811,10-29:1.705511811,30-199:1.705511811,200-499:0.661417323,500-999:0.637795276,1000-:0.626771654,0,
C2652428,Others,New Arrivals,PCA9601DP,118,TSSOP-8,8,NXP Semicon,Extended,TSSOP-8 New Arrivals ROHS,https://datasheet.lcsc.com/lcsc/2106080235_NXP-Semicon-PCA9601DP-118_C2652428.pdf,1000-:0.677165354,200-499:0.714960630,30-199:1.844094488,1-9:1.844094488,500-999:0.689763780,10-29:1.844094488,0,
C2675068,Others,New Arrivals,ISL88694IH5Z-TK,TSOT-23-5,5,RENESAS,Extended,SOT-5 New Arrivals ROHS,https://datasheet.lcsc.com/lcsc/2106070738_RENESAS-ISL88694IH5Z-TK_C2675068.pdf,1000-:0.721259843,200-499:0.760629921,30-199:1.963779528,1-9:1.963779528,500-999:0.733858268,10-29:1.963779528,0,
C2675069,Others,New Arrivals,SN75LVCP412ARTJR,QFN-20,21,Texas Instruments,Extended,QFN-20(4x4) New Arrivals ROHS, ,1000-:0.850393701,200-499:0.897637795,30-199:2.319685039,1-9:2.319685039,500-999:0.866141732,10-29:2.319685039,0,
C2675070,Others,New Arrivals,SN65LVDS1050PWR,TSSOP-16,16,Texas Instruments,Extended,TSSOP-16 New Arrivals ROHS, ,1000-:0.844094488,200-499:0.891338583,30-199:2.300787402,1-9:2.300787402,500-999:0.859842520,10-29:2.300787402,0,
C2675071,Others,New Arrivals,SN65LVDS105PWR,TSSOP-16,16,Texas Instruments,Extended,TSSOP-16 New Arrivals ROHS, ,1000-:0.870866142,200-499:0.919685039,30-199:2.374803150,1-9:2.374803150,500-999:0.886614173,10-29:2.374803150,0,
C2675072,Others,New Arrivals,PI3EQX1004ZHEX,TQFN-42,43,Diodes Incorporated,Extended,TQFN-42(9x3.5) New Arrivals ROHS,https://datasheet.lcsc.com/lcsc/2106071633_Diodes-Incorporated-PI3EQX1004ZHEX_C2675072.pdf,1000-:0.845669291,200-499:0.892913386,30-199:2.303937008,1-9:2.303937008,500-999:0.861417323,10-29:2.303937008,0,
C2675073,Others,New Arrivals,SN65LVP18DRFT,WSON-8,9,Texas Instruments,Extended,WSON-8(2x2) New Arrivals ROHS, ,1000-:1.146456693,200-499:1.209448819,30-199:3.124409449,1-9:3.124409449,500-999:1.166929134,10-29:3.124409449,0,
C2675074,Others,New Arrivals,SN75LVCP412CDRTJR,QFN-20,21,Texas Instruments,Extended,QFN-20(4x4) New Arrivals ROHS, ,1000-:0.825196850,200-499:0.870866142,30-199:2.248818898,1-9:2.248818898,500-999:0.839370079,10-29:2.248818898,0,
C2675075,Others,New Arrivals,PCA9509ADP,118,TSSOP-8,8,NXP Semicon,Extended,TSSOP-8 New Arrivals ROHS,https://datasheet.lcsc.com/lcsc/2201121130_NXP-Semicon-PCA9509ADP-118_C2675075.pdf,1000-:0.225196850,200-499:0.237795276,30-199:0.612598425,1-9:0.612598425,500-999:0.228346457,10-29:0.612598425,0,
C2675076,Others,New Arrivals,PTN36221AHXHP,X2QFN-12,12,NXP Semicon,Extended,X2QFN-12(1.6x1.6) New Arrivals ROHS,https://datasheet.lcsc.com/lcsc/2201121130_NXP-Semicon-PTN36221AHXHP_C2675076.pdf,1000-:0.172850394,200-499:0.182362205,30-199:0.471338583,1-9:0.471338583,500-999:0.176062992,10-29:0.471338583,0,
C2675077,Others,New Arrivals,SN75DP119RGYT,VQFN-14,15,Texas Instruments,Extended,VQFN-14(3.5x3.5) New Arrivals ROHS, ,1000-:0.403149606,200-499:0.425196850,30-199:1.097637795,1-9:1.097637795,500-999:0.411023622,10-29:1.097637795,0,
C2675078,Others,New Arrivals,SN65LVDS100DRG4,SOIC-8,8,Texas Instruments,Extended,SOIC-8 New Arrivals ROHS, ,1000-:0.995275591,200-499:1.050393701,30-199:2.711811024,1-9:2.711811024,500-999:1.012598425,10-29:2.711811024,0,
C2675079,Others,New Arrivals,SN65LVDS100DR,SOIC-8,8,Texas Instruments,Extended,SOIC-8 New Arrivals ROHS, ,1000-:0.995275591,200-499:1.050393701,30-199:2.711811024,1-9:2.711811024,500-999:1.012598425,10-29:2.711811024,0,
C2675080,Others,New Arrivals,SN65LVDT101DR,SOIC-8,8,Texas Instruments,Extended,SOIC-8 New Arrivals ROHS, ,1000-:0.960629921,200-499:1.012598425,30-199:2.617322835,1-9:2.617322835,500-999:0.977952756,10-29:2.617322835,0,
C2675081,Others,New Arrivals,SN65LVDS101DGKR,VSSOP-8,8,Texas Instruments,Extended,VSSOP-8 New Arrivals ROHS, ,1000-:0.995275591,200-499:1.050393701,30-199:2.711811024,1-9:2.711811024,500-999:1.012598425,10-29:2.711811024,0,
C2675082,Others,New Arrivals,SN65LVDS104DRG4,SOIC-16,16,Texas Instruments,Extended,SOIC-16 New Arrivals ROHS, ,1000-:0.970078740,200-499:1.023622047,30-199:2.644094488,1-9:2.644094488,500-999:0.987401575,10-29:2.644094488,0,
C2675083,Others,New Arrivals,SN65LVDT101DGKR,VSSOP-8,8,Texas Instruments,Extended,VSSOP-8 New Arrivals ROHS, ,1000-:0.960629921,200-499:1.012598425,30-199:2.617322835,1-9:2.617322835,500-999:0.977952756,10-29:2.617322835,0,
C2675084,Others,New Arrivals,SN65LVDT100DGKRG4,VSSOP-8,8,Texas Instruments,Extended,VSSOP-8 New Arrivals ROHS, ,1000-:1.003149606,200-499:1.059842520,30-199:2.737007874,1-9:2.737007874,500-999:1.022047244,10-29:2.737007874,0,
C2675085,Others,New Arrivals,SN65LVDS20DRFR,WSON-8,9,Texas Instruments,Extended,WSON-8(2x2) New Arrivals ROHS, ,1000-:1.033070866,200-499:1.091338583,30-199:2.817322835,1-9:2.817322835,500-999:1.051968504,10-29:2.817322835,0,
C2675086,Others,New Arrivals,PI2EQX4432DZDEX,TQFN-48,49,Diodes Incorporated,Extended,TQFN-48(7x7) New Arrivals ROHS,https://datasheet.lcsc.com/lcsc/2108071630_Diodes-Incorporated-PI2EQX4432DZDEX_C2675086.pdf,1000-:0.962204724,200-499:1.015748031,30-199:2.622047244,1-9:2.622047244,500-999:0.979527559,10-29:2.622047244,0,
C2675087,Others,New Arrivals,SN65LVDS20DRFRG4,WSON-8,9,Texas Instruments,Extended,WSON-8(2x2) New Arrivals ROHS, ,1000-:1.033070866,200-499:1.091338583,30-199:2.817322835,1-9:2.817322835,500-999:1.051968504,10-29:2.817322835,0,
C2675088,Others,New Arrivals,SN65LVDS101DGKRG4,VSSOP-8,8,Texas Instruments,Extended,VSSOP-8 New Arrivals ROHS, ,1000-:0.995275591,200-499:1.050393701,30-199:2.711811024,1-9:2.711811024,500-999:1.012598425,10-29:2.711811024,0,
C2675089,Others,New Arrivals,SN65LVDT100DR,SOIC-8,8,Texas Instruments,Extended,SOIC-8 New Arrivals ROHS, ,1000-:1.003149606,200-499:1.059842520,30-199:2.737007874,1-9:2.737007874,500-999:1.022047244,10-29:2.737007874,0,
C2675090,Others,New Arrivals,DS92001TMAX/NOPB,SOIC-8,8,Texas Instruments,Extended,SOIC-8 New Arrivals ROHS, ,1000-:0.524409449,200-499:0.552755906,30-199:1.428346457,1-9:1.428346457,500-999:0.533858268,10-29:1.428346457,0,
C2675092,Others,New Arrivals,PCA9516APW,118,TSSOP-16,16,NXP Semicon,Extended,TSSOP-16 New Arrivals ROHS,https://datasheet.lcsc.com/lcsc/2108071630_NXP-Semicon-PCA9516APW-118_C2675092.pdf,1000-:0.371653543,200-499:0.392125984,30-199:1.012598425,1-9:1.012598425,500-999:0.377952756,10-29:1.012598425,0,
C2675093,Others,New Arrivals,PI3EQX501BQZAEX,TDFN-8,9,Diodes Incorporated,Extended,TDFN-8(2x2) New Arrivals ROHS,https://datasheet.lcsc.com/lcsc/2108071630_Diodes-Incorporated-PI3EQX501BQZAEX_C2675093.pdf,1000-:0.725984252,200-499:0.766929134,30-199:1.979527559,1-9:1.979527559,500-999:0.740157480,10-29:1.979527559,0,
C2675094,Others,New Arrivals,PI3DPX1203ZHE+DRX,TQFN-42,43,Diodes Incorporated,Extended,TQFN-42(9x3.5) New Arrivals ROHS, ,1000-:0.596850394,200-499:0.629921260,30-199:1.625196850,1-9:1.625196850,500-999:0.607874016,10-29:1.625196850,0,
C2675095,Others,New Arrivals,PI3EQX7741AIZDEX,TQFN-20,21,Diodes Incorporated,Extended,TQFN-20(4x4) New Arrivals ROHS, ,1000-:0.551181102,200-499:0.581102362,30-199:1.502362205,1-9:1.502362205,500-999:0.562204724,10-29:1.502362205,0,
C2675096,Others,New Arrivals,PI2EQX6812ZHEX,TQFN-42,43,Diodes Incorporated,Extended,TQFN-42(9x3.5) New Arrivals ROHS,https://datasheet.lcsc.com/lcsc/2108071630_Diodes-Incorporated-PI2EQX6812ZHEX_C2675096.pdf,1000-:0.751181102,200-499:0.793700787,30-199:2.048818898,1-9:2.048818898,500-999:0.765354331,10-29:2.048818898,0,
C2675097,Others,New Arrivals,PI3DPX1203BZHIEX,TQFN-42,43,Diodes Incorporated,Extended,TQFN-42(9x3.5) New Arrivals ROHS, ,1000-:0.546456693,200-499:0.576377953,30-199:1.488188976,1-9:1.488188976,500-999:0.555905512,10-29:1.488188976,0,
C2675100,Others,New Arrivals,PI2EQXDP101-AZFEX,TQFN-36,37,Diodes Incorporated,Extended,TQFN-36(6x5) New Arrivals ROHS,https://datasheet.lcsc.com/lcsc/2201121130_Diodes-Incorporated-PI2EQXDP101-AZFEX_C2675100.pdf,1000-:0.407874016,200-499:0.429921260,30-199:1.110236220,1-9:1.110236220,500-999:0.414173228,10-29:1.110236220,0,
C2675101,Others,New Arrivals,PI3PCIE2612-AZFEX,TQFN-56,57,Diodes Incorporated,Extended,TQFN-56(11x5) New Arrivals ROHS, ,1000-:0.392125984,200-499:0.414173228,30-199:1.067716535,1-9:1.067716535,500-999:0.400000000,10-29:1.067716535,0,
C2675102,Others,New Arrivals,DS90LV001TLDX/NOPB,WSON-8,9,Texas Instruments,Extended,WSON-8(3x3) New Arrivals ROHS, ,1000-:0.337007874,200-499:0.355905512,30-199:0.919685039,1-9:0.919685039,500-999:0.343307087,10-29:0.919685039,0,
C2675103,Others,New Arrivals,PI3DPX1202A1ZBEX,TQFN-48,49,Diodes Incorporated,Extended,TQFN-48(7x7) New Arrivals ROHS, ,1000-:0.355905512,200-499:0.376377953,30-199:0.971653543,1-9:0.971653543,500-999:0.363779528,10-29:0.971653543,0,
C2675104,Others,New Arrivals,DS15BA101SDX/NOPB,WSON-8,9,Texas Instruments,Extended,WSON-8(3x3) New Arrivals ROHS, ,1000-:0.829921260,200-499:0.875590551,30-199:2.259842520,1-9:2.259842520,500-999:0.844094488,10-29:2.259842520,0,
C2675107,Others,New Arrivals,DS100KR800SQ/NOPB,WQFN-54,55,Texas Instruments,Extended,WQFN-54(10x5.5) New Arrivals ROHS, ,1000-:4.204724409,200-499:4.437795276,30-199:11.464566929,1-9:11.464566929,500-999:4.281889764,10-29:11.464566929,0,
C2675108,Others,New Arrivals,SN65LVCP1414RLJR,QFN-38,39,Texas Instruments,Extended,WQFN-38(5x7) New Arrivals ROHS, ,1000-:4.225196850,200-499:4.459842520,30-199:11.522834646,1-9:11.522834646,500-999:4.302362205,10-29:11.522834646,0,
C2675109,Others,New Arrivals,DS100KR401SQ/NOPB,WQFN-54,55,Texas Instruments,Extended,WQFN-54(10x5.5) New Arrivals ROHS, ,1000-:4.204724409,200-499:4.437795276,30-199:11.464566929,1-9:11.464566929,500-999:4.281889764,10-29:11.464566929,0,
C2675112,Others,New Arrivals,DS125BR800SQ/NOPB,WQFN-54,55,Texas Instruments,Extended,WQFN-54(10x5.5) New Arrivals ROHS, ,1000-:4.352755906,200-499:4.593700787,30-199:11.867716535,1-9:11.867716535,500-999:4.431496063,10-29:11.867716535,0,
C2675113,Others,New Arrivals,DS125BR401SQ/NOPB,WQFN-54,55,Texas Instruments,Extended,WQFN-54(10x5.5) New Arrivals ROHS, ,1000-:4.352755906,200-499:4.593700787,30-199:11.867716535,1-9:11.867716535,500-999:4.431496063,10-29:11.867716535,0,
C2675115,Others,New Arrivals,DS42MB100TSQ/NOPB,QFN-36,37,Texas Instruments,Extended,WQFN-36(6x6) New Arrivals ROHS, ,1000-:2.735433071,200-499:2.888188976,30-199:7.459842520,1-9:7.459842520,500-999:2.785826772,10-29:7.459842520,0,
C2675116,Others,New Arrivals,MAX9153EUI+T,TSSOP-28,28,Maxim Integrated,Extended,TSSOP-28 New Arrivals ROHS,https://datasheet.lcsc.com/lcsc/2106070803_Maxim-Integrated-MAX9153EUI-T_C2675116.pdf,1000-:3.083464567,200-499:3.255118110,30-199:8.409448819,1-9:8.409448819,500-999:3.140157480,10-29:8.409448819,0,
C2675117,Others,New Arrivals,DS125BR401ANJYR,WQFN-54,55,Texas Instruments,Extended,WQFN-54(10x5.5) New Arrivals ROHS, ,1000-:3.148031496,200-499:3.322834646,30-199:8.584251969,1-9:8.584251969,500-999:3.206299213,10-29:8.584251969,0,
C2675118,Others,New Arrivals,PI2EQX5964ZFEX,TQFN-56,57,Diodes Incorporated,Extended,TQFN-56(11x5) New Arrivals ROHS,https://datasheet.lcsc.com/lcsc/2201121130_Diodes-Incorporated-PI2EQX5964ZFEX_C2675118.pdf,1000-:3.152755906,200-499:3.327559055,30-199:8.596850394,1-9:8.596850394,500-999:3.211023622,10-29:8.596850394,0,
C2675120,Others,New Arrivals,SN65LVDS17DRFTG4,WSON-8,9,Texas Instruments,Extended,WSON-8(2x2) New Arrivals ROHS, ,1000-:1.524409449,200-499:1.607874016,30-199:4.154330709,1-9:4.154330709,500-999:1.551181102,10-29:4.154330709,0,
C2675121,Others,New Arrivals,SCAN15MB200TSQ/NOPB,WQFN-48,49,Texas Instruments,Extended,WQFN-48(7x7) New Arrivals ROHS, ,1000-:2.995275591,200-499:3.162204724,30-199:8.168503937,1-9:8.168503937,500-999:3.050393701,10-29:8.168503937,0,
C2675122,Others,New Arrivals,DS10BR254TSQX/NOPB,WQFN-40,41,Texas Instruments,Extended,WQFN-40(6x6) New Arrivals ROHS, ,1000-:1.598425197,200-499:1.686614173,30-199:4.355905512,1-9:4.355905512,500-999:1.626771654,10-29:4.355905512,0,
C2675124,Others,New Arrivals,89HP0604QZBNRG8,QFN-36,37,RENESAS,Extended,VFQFPN-36(4x7.5) New Arrivals ROHS,https://datasheet.lcsc.com/lcsc/2108071630_RENESAS-89HP0604QZBNRG8_C2675124.pdf,1000-:3.179527559,200-499:3.355905512,30-199:8.672440945,1-9:8.672440945,500-999:3.237795276,10-29:8.672440945,0,
C2675125,Others,New Arrivals,DS42MB200TSQ/NOPB,WQFN-48,49,Texas Instruments,Extended,WQFN-48(7x7) New Arrivals ROHS, ,1000-:3.187401575,200-499:3.363779528,30-199:8.691338583,1-9:8.691338583,500-999:3.245669291,10-29:8.691338583,0,
C2675126,Others,New Arrivals,SN65LVCP40RGZR,VQFN-48,49,Texas Instruments,Extended,VQFN-48(7x7) New Arrivals ROHS, ,1000-:3.253543307,200-499:3.434645669,30-199:8.872440945,1-9:8.872440945,500-999:3.313385827,10-29:8.872440945,0,
C2675127,Others,New Arrivals,DS100BR111ASQE/NOPB,WQFN-24,25,Texas Instruments,Extended,WQFN-24(4x4) New Arrivals ROHS, ,1000-:2.940157480,200-499:3.102362205,30-199:8.017322835,1-9:8.017322835,500-999:2.993700787,10-29:8.017322835,0,
C2675128,Others,New Arrivals,SN65LVCP1412RLHR,WQFN-24,25,Texas Instruments,Extended,WQFN-24(4x5) New Arrivals ROHS, ,1000-:3.168503937,200-499:3.344881890,30-199:8.642519685,1-9:8.642519685,500-999:3.226771654,10-29:8.642519685,0,
C2675129,Others,New Arrivals,89HP0604QBZBNRGI8,QFN-36,37,RENESAS,Extended,VFQFPN-36(4x7.5) New Arrivals ROHS,https://datasheet.lcsc.com/lcsc/2108071630_RENESAS-89HP0604QBZBNRGI8_C2675129.pdf,1000-:3.179527559,200-499:3.355905512,30-199:8.672440945,1-9:8.672440945,500-999:3.237795276,10-29:8.672440945,0,
C2675130,Others,New Arrivals,DS15BR401TVSX/NOPB,TQFP-48,48,Texas Instruments,Extended,TQFP-48(7x7) New Arrivals ROHS, ,1000-:1.639370079,200-499:1.730708661,30-199:4.470866142,1-9:4.470866142,500-999:1.669291339,10-29:4.470866142,0,
C2675131,Others,New Arrivals,PI3DPX1202A2ZBIEX,TQFN-48,49,Diodes Incorporated,Extended,TQFN-48(7x7) New Arrivals ROHS, ,1000-:0.428346457,200-499:0.451968504,30-199:1.165354331,1-9:1.165354331,500-999:0.436220472,10-29:1.165354331,0,
C2675132,Others,New Arrivals,DS15BR400TVSX/NOPB,LQFP-48,48,Texas Instruments,Extended,TQFP-48(7x7) New Arrivals ROHS, ,1000-:1.639370079,200-499:1.730708661,30-199:4.470866142,1-9:4.470866142,500-999:1.669291339,10-29:4.470866142,0,
C2675133,Others,New Arrivals,89HP0604SBZBNRG8,QFN-36,37,RENESAS,Extended,VFQFPN-36(4x7.5) New Arrivals ROHS,https://datasheet.lcsc.com/lcsc/2106070737_RENESAS-89HP0604SBZBNRG8_C2675133.pdf,1000-:1.875590551,200-499:1.979527559,30-199:5.111811024,1-9:5.111811024,500-999:1.908661417,10-29:5.111811024,0,
C2675134,Others,New Arrivals,PI3EQX8904ZHEX,TQFN-42,43,Diodes Incorporated,Extended,TQFN-42(9x3.5) New Arrivals ROHS,https://datasheet.lcsc.com/lcsc/2201121130_Diodes-Incorporated-PI3EQX8904ZHEX_C2675134.pdf,1000-:1.955905512,200-499:2.064566929,30-199:5.332283465,1-9:5.332283465,500-999:1.992125984,10-29:5.332283465,0,
C2675135,Others,New Arrivals,DS15MB200TSQX/NOPB,QFN-48,49,Texas Instruments,Extended,WQFN-48(7x7) New Arrivals ROHS, ,1000-:1.384251969,200-499:1.461417323,30-199:3.774803150,1-9:3.774803150,500-999:1.411023622,10-29:3.774803150,0,
C2675136,Others,New Arrivals,MAX4951AECTP+T,TQFN-20,21,Maxim Integrated,Extended,TQFN-20(4x4) New Arrivals ROHS, ,1000-:1.272440945,200-499:1.341732283,30-199:3.467716535,1-9:3.467716535,500-999:1.294488189,10-29:3.467716535,0,
C2675137,Others,New Arrivals,MAX4952BCTP+T,TQFN-20,21,Maxim Integrated,Extended,TQFN-20(4x4) New Arrivals ROHS,https://datasheet.lcsc.com/lcsc/2106080003_Maxim-Integrated-MAX4952BCTP-T_C2675137.pdf,1000-:1.412598425,200-499:1.489763780,30-199:3.850393701,1-9:3.850393701,500-999:1.437795276,10-29:3.850393701,0,
C2675138,Others,New Arrivals,89HP0604SZBNRGI8,QFN-36,37,RENESAS,Extended,VFQFPN-36(4x7.5) New Arrivals ROHS,https://datasheet.lcsc.com/lcsc/2108071630_RENESAS-89HP0604SZBNRGI8_C2675138.pdf,1000-:2.074015748,200-499:2.188976378,30-199:5.656692913,1-9:5.656692913,500-999:2.111811024,10-29:5.656692913,0,
C2675139,Others,New Arrivals,PI3EQX7502AIZDE+DAX,TQFN-24,25,Diodes Incorporated,Extended,TQFN-24(4x4) New Arrivals ROHS, ,1000-:0.330708661,200-499:0.349606299,30-199:0.902362205,1-9:0.902362205,500-999:0.337007874,10-29:0.902362205,0,
C2675140,Others,New Arrivals,TUSB1044RNQR,WQFN-40,41,Texas Instruments,Extended,WQFN-40(4x6) New Arrivals ROHS, ,1000-:1.469291339,200-499:1.551181102,30-199:4.007874016,1-9:4.007874016,500-999:1.497637795,10-29:4.007874016,0,
C2675141,Others,New Arrivals,PI2EQX6874ZFEX,WQFN-56,57,Diodes Incorporated,Extended,TQFN-56(11x5) New Arrivals ROHS, ,1000-:1.711811024,200-499:1.806299213,30-199:4.666141732,1-9:4.666141732,500-999:1.743307087,10-29:4.666141732,0,
C2675142,Others,New Arrivals,SN65LVDS22DR,SOIC-16,16,Texas Instruments,Extended,SOIC-16 New Arrivals ROHS, ,1000-:1.237795276,200-499:1.307086614,30-199:3.376377953,1-9:3.376377953,500-999:1.261417323,10-29:3.376377953,0,
C2675143,Others,New Arrivals,SN65LVDS108DBTRG4,TSSOP-38,38,Texas Instruments,Extended,TSSOP-38 New Arrivals ROHS, ,1000-:1.431496063,200-499:1.511811024,30-199:3.903937008,1-9:3.903937008,500-999:1.458267717,10-29:3.903937008,0,
C2675144,Others,New Arrivals,TUSB546A-DCIRNQR,WQFN-40,41,Texas Instruments,Extended,WQFN-40(6x4) New Arrivals ROHS, ,1000-:1.022047244,200-499:1.078740157,30-199:2.784251969,1-9:2.784251969,500-999:1.040944882,10-29:2.784251969,0,
C2675145,Others,New Arrivals,P82B96PWRG4,TSSOP-8,8,Texas Instruments,Extended,TSSOP-8 New Arrivals ROHS, ,1000-:0.521259843,200-499:0.549606299,30-199:1.420472441,1-9:1.420472441,500-999:0.530708661,10-29:1.420472441,0,
C2675146,Others,New Arrivals,DS30BA101SQ/NOPB,WQFN-16,17,Texas Instruments,Extended,WQFN-16(4x4) New Arrivals ROHS, ,1000-:1.749606299,200-499:1.847244094,30-199:4.771653543,1-9:4.771653543,500-999:1.782677165,10-29:4.771653543,0,
C2675147,Others,New Arrivals,ISL33003IUZ-T,MSOP-8,8,RENESAS,Extended,MSOP-8 New Arrivals ROHS,https://datasheet.lcsc.com/lcsc/2201121130_RENESAS-ISL33003IUZ-T_C2675147.pdf,1000-:0.335433071,200-499:0.352755906,30-199:0.911811024,1-9:0.911811024,500-999:0.340157480,10-29:0.911811024,0,
C2675148,Others,New Arrivals,ISL33003IRTZ-T,TDFN-8,9,RENESAS,Extended,TDFN-8(3x3) New Arrivals ROHS,https://datasheet.lcsc.com/lcsc/2201121130_RENESAS-ISL33003IRTZ-T_C2675148.pdf,1000-:0.321259843,200-499:0.340157480,30-199:0.877165354,1-9:0.877165354,500-999:0.327559055,10-29:0.877165354,0,
C2675149,Others,New Arrivals,ISL33002IUZ-T,TSSOP-8,8,RENESAS,Extended,MSOP-8 New Arrivals ROHS,https://datasheet.lcsc.com/lcsc/2201121130_RENESAS-ISL33002IUZ-T_C2675149.pdf,1000-:0.335433071,200-499:0.352755906,30-199:0.911811024,1-9:0.911811024,500-999:0.340157480,10-29:0.911811024,0,
C2675150,Others,New Arrivals,PI6ULS5V9617AZEEX,TDFN-8,9,Diodes Incorporated,Extended,TDFN-8(2x3) New Arrivals ROHS, ,1000-:0.300787402,200-499:0.318110236,30-199:0.818897638,1-9:0.818897638,500-999:0.305511811,10-29:0.818897638,0,
C2675151,Others,New Arrivals,ISL33001IUZ-T,MSOP-8,8,RENESAS,Extended,MSOP-8 New Arrivals ROHS,https://datasheet.lcsc.com/lcsc/2201121130_RENESAS-ISL33001IUZ-T_C2675151.pdf,1000-:0.335433071,200-499:0.352755906,30-199:0.911811024,1-9:0.911811024,500-999:0.340157480,10-29:0.911811024,0,
C2675152,Others,New Arrivals,PI6ULS5V9627AQEX,SSOP-16,16,Diodes Incorporated,Extended,QSOP-16 New Arrivals ROHS,https://datasheet.lcsc.com/lcsc/2201121130_Diodes-Incorporated-PI6ULS5V9627AQEX_C2675152.pdf,1000-:0.311811024,200-499:0.329133858,30-199:0.850393701,1-9:0.850393701,500-999:0.318110236,10-29:0.850393701,0,
C2675153,Others,New Arrivals,89HP0604SZBNRG8,QFN-36,37,RENESAS,Extended,VFQFPN-36(4x7.5) New Arrivals ROHS,https://datasheet.lcsc.com/lcsc/2108071630_RENESAS-89HP0604SZBNRG8_C2675153.pdf,1000-:1.885039370,200-499:1.988976378,30-199:5.140157480,1-9:5.140157480,500-999:1.919685039,10-29:5.140157480,0,
C2675154,Others,New Arrivals,ISL33002IRTZ-T,TDFN-8,9,RENESAS,Extended,TDFN-8(3x3) New Arrivals ROHS,https://datasheet.lcsc.com/lcsc/2201121130_RENESAS-ISL33002IRTZ-T_C2675154.pdf,1000-:0.321259843,200-499:0.340157480,30-199:0.877165354,1-9:0.877165354,500-999:0.327559055,10-29:0.877165354,0,
C2675156,Others,New Arrivals,ISL33001IRT2Z-T,DFN-8,9,RENESAS,Extended,TDFN-8(3x3) New Arrivals ROHS,https://datasheet.lcsc.com/lcsc/2201121130_RENESAS-ISL33001IRT2Z-T_C2675156.pdf,1000-:0.321259843,200-499:0.340157480,30-199:0.877165354,1-9:0.877165354,500-999:0.327559055,10-29:0.877165354,0,
C2675157,Others,New Arrivals,ISL33001IRTZ-T,DFN-8,9,RENESAS,Extended,TDFN-8(3x3) New Arrivals ROHS,https://datasheet.lcsc.com/lcsc/2201121130_RENESAS-ISL33001IRTZ-T_C2675157.pdf,1000-:0.321259843,200-499:0.340157480,30-199:0.877165354,1-9:0.877165354,500-999:0.327559055,10-29:0.877165354,0,
C2675158,Others,New Arrivals,ISL33003IRT2Z-T,TDFN-8,9,RENESAS,Extended,TDFN-8(3x3) New Arrivals ROHS,https://datasheet.lcsc.com/lcsc/2201121130_RENESAS-ISL33003IRT2Z-T_C2675158.pdf,1000-:0.321259843,200-499:0.340157480,30-199:0.877165354,1-9:0.877165354,500-999:0.327559055,10-29:0.877165354,0,
C2675159,Others,New Arrivals,PI2EQX3232AZDEX,TQFN-48,49,Diodes Incorporated,Extended,TQFN-48(7x7) New Arrivals ROHS,https://datasheet.lcsc.com/lcsc/2108071630_Diodes-Incorporated-PI2EQX3232AZDEX_C2675159.pdf,1000-:1.051968504,200-499:1.110236220,30-199:2.867716535,1-9:2.867716535,500-999:1.070866142,10-29:2.867716535,0,
C2675160,Others,New Arrivals,MAX4951CTP+T,TQFN-20,21,Maxim Integrated,Extended,TQFN-20(4x4) New Arrivals ROHS, ,1000-:1.203149606,200-499:1.269291339,30-199:3.280314961,1-9:3.280314961,500-999:1.225196850,10-29:3.280314961,0,
C2675161,Others,New Arrivals,DS25BR101TSD/NOPB,TDFN-8,9,Texas Instruments,Extended,WSON-8(3x3) New Arrivals ROHS, ,1000-:1.056692913,200-499:1.114960630,30-199:2.880314961,1-9:2.880314961,500-999:1.075590551,10-29:2.880314961,0,
C2675162,Others,New Arrivals,MAX4951CCTP+T,TQFN-20,21,Maxim Integrated,Extended,TQFN-20(4x4) New Arrivals ROHS,https://datasheet.lcsc.com/lcsc/2106071533_Maxim-Integrated-MAX4951CCTP-T_C2675162.pdf,1000-:1.162204724,200-499:1.225196850,30-199:3.166929134,1-9:3.166929134,500-999:1.182677165,10-29:3.166929134,0,
C2675163,Others,New Arrivals,DS64BR111SQ/NOPB,WQFN-24,25,Texas Instruments,Extended,WQFN-24(4x4) New Arrivals ROHS, ,1000-:2.193700787,200-499:2.314960630,30-199:5.979527559,1-9:5.979527559,500-999:2.233070866,10-29:5.979527559,0,
C2675164,Others,New Arrivals,DS50PCI402SQ/NOPB,WQFN-54,55,Texas Instruments,Extended,WQFN-54(10x5.5) New Arrivals ROHS, ,1000-:2.325984252,200-499:2.455118110,30-199:6.343307087,1-9:6.343307087,500-999:2.368503937,10-29:6.343307087,0,
C2675165,Others,New Arrivals,TUSB1064IRNQR,WQFN-40,41,Texas Instruments,Extended,WQFN-40(4x6) New Arrivals ROHS, ,1000-:1.807874016,200-499:1.908661417,30-199:4.930708661,1-9:4.930708661,500-999:1.840944882,10-29:4.930708661,0,
C2675166,Others,New Arrivals,89HP0604SBZBNRGI8,QFN-36,37,RENESAS,Extended,VFQFPN-36(4x7.5) New Arrivals ROHS,https://datasheet.lcsc.com/lcsc/2106070737_RENESAS-89HP0604SBZBNRGI8_C2675166.pdf,1000-:2.074015748,200-499:2.188976378,30-199:5.656692913,1-9:5.656692913,500-999:2.111811024,10-29:5.656692913,0,
C2675169,Others,New Arrivals,TUSB564IRNQR,WQFN-40,41,Texas Instruments,Extended,WQFN-40(4x6) New Arrivals ROHS, ,1000-:1.111811024,200-499:1.173228346,30-199:3.031496063,1-9:3.031496063,500-999:1.132283465,10-29:3.031496063,0,
C2675170,Others,New Arrivals,PI3DPX1207B1ZHEX,TQFN-42,43,Diodes Incorporated,Extended,TQFN-42(9x3.5) New Arrivals ROHS, ,1000-:0.423622047,200-499:0.447244094,30-199:1.152755906,1-9:1.152755906,500-999:0.431496063,10-29:1.152755906,0,
C2675171,Others,New Arrivals,SN75LVCP412RTJT,QFN-20,21,Texas Instruments,Extended,QFN-20(4x4) New Arrivals ROHS, ,1000-:0.801574803,200-499:0.847244094,30-199:2.185826772,1-9:2.185826772,500-999:0.817322835,10-29:2.185826772,0,
C2675173,Others,New Arrivals,SN65LVCP40RGZTG4,VQFN-48,49,Texas Instruments,Extended,VQFN-48(7x7) New Arrivals ROHS, ,1000-:4.322834646,200-499:4.562204724,30-199:11.788976378,1-9:11.788976378,500-999:4.403149606,10-29:11.788976378,0,
C2675174,Others,New Arrivals,SN65LVCP418PAPT,HTQFP-64,65,Texas Instruments,Extended,HTQFP-64(10x10) New Arrivals ROHS, ,1000-:5.434645669,200-499:5.735433071,30-199:14.820472441,1-9:14.820472441,500-999:5.533858268,10-29:14.820472441,0,
C2675175,Others,New Arrivals,PI3DPX1207B1ZHIEX,TQFN-42,43,Diodes Incorporated,Extended,TQFN-42(9x3.5) New Arrivals ROHS, ,1000-:0.464566929,200-499:0.491338583,30-199:1.267716535,1-9:1.267716535,500-999:0.474015748,10-29:1.267716535,0,
C2675178,Others,New Arrivals,MAX4952CTO+T,TQFN-42,43,Maxim Integrated,Extended,TQFN-42_EP(3.5x9) New Arrivals ROHS, ,1000-:7.067716535,200-499:7.458267717,30-199:19.274015748,1-9:19.274015748,500-999:7.196850394,10-29:19.274015748,0,
C2675180,Others,New Arrivals,PI3DPX1203BZLEX,TQFN-32,33,Diodes Incorporated,Extended,TQFN-32(3x6) New Arrivals ROHS, ,1000-:0.428346457,200-499:0.451968504,30-199:1.165354331,1-9:1.165354331,500-999:0.436220472,10-29:1.165354331,0,
C2675181,Others,New Arrivals,TUSB522PIRGER,HVQFN-24,25,Texas Instruments,Extended,VQFN-24(4x4) New Arrivals ROHS, ,1000-:0.423622047,200-499:0.447244094,30-199:1.154330709,1-9:1.154330709,500-999:0.431496063,10-29:1.154330709,0,
C2675184,Others,New Arrivals,SN65LVCP418PAPR,HTQFP-64,65,Texas Instruments,Extended,HTQFP-64(10x10) New Arrivals ROHS, ,1000-:4.143307087,200-499:4.373228346,30-199:11.299212598,1-9:11.299212598,500-999:4.218897638,10-29:11.299212598,0,
C2675186,Others,New Arrivals,DS100BR410SQ/NOPB,WQFN-48,49,Texas Instruments,Extended,WQFN-48(7x7) New Arrivals ROHS, ,1000-:4.121259843,200-499:4.349606299,30-199:11.239370079,1-9:11.239370079,500-999:4.196850394,10-29:11.239370079,0,
C2675187,Others,New Arrivals,DS100KR800SQE/NOPB,WQFN-54,55,Texas Instruments,Extended,WQFN-54(10x5.5) New Arrivals ROHS, ,1000-:5.381102362,200-499:5.678740157,30-199:14.674015748,1-9:14.674015748,500-999:5.480314961,10-29:14.674015748,0,
C2675188,Others,New Arrivals,SN65LVCP1412RLHT,WQFN-24,25,Texas Instruments,Extended,WQFN-24(4x5) New Arrivals ROHS, ,1000-:4.447244094,200-499:4.692913386,30-199:12.125984252,1-9:12.125984252,500-999:4.529133858,10-29:12.125984252,0,
C2675189,Others,New Arrivals,DS100KR401SQE/NOPB,WQFN-54,55,Texas Instruments,Extended,WQFN-54(10x5.5) New Arrivals ROHS, ,1000-:4.678740157,200-499:4.938582677,30-199:12.760629921,1-9:12.760629921,500-999:4.765354331,10-29:12.760629921,0,
C2675190,Others,New Arrivals,PI2EQX502TZHE+DAX,TQFN-16,17,Diodes Incorporated,Extended,TQFN-16(3x3) New Arrivals ROHS,https://datasheet.lcsc.com/lcsc/2201121130_Diodes-Incorporated-PI2EQX502TZHE-DAX_C2675190.pdf,1000-:0.433070866,200-499:0.456692913,30-199:1.179527559,1-9:1.179527559,500-999:0.440944882,10-29:1.179527559,0,
C2675192,Others,New Arrivals,SN65LVDS117DGGR,TSSOP-64,64,Texas Instruments,Extended,TSSOP-64 New Arrivals ROHS, ,1000-:2.118110236,200-499:2.236220472,30-199:5.777952756,1-9:5.777952756,500-999:2.157480315,10-29:5.777952756,0,
C2675193,Others,New Arrivals,DS100BR111SQ/NOPB,WQFN-24,25,Texas Instruments,Extended,WQFN-24(4x4) New Arrivals ROHS, ,1000-:2.436220472,200-499:2.571653543,30-199:6.644094488,1-9:6.644094488,500-999:2.481889764,10-29:6.644094488,0,
C2675194,Others,New Arrivals,SCAN15MB200TSQX/NOPB,QFN-48,49,Texas Instruments,Extended,WQFN-48(7x7) New Arrivals ROHS, ,1000-:2.272440945,200-499:2.398425197,30-199:6.196850394,1-9:6.196850394,500-999:2.314960630,10-29:6.196850394,0,
C2675195,Others,New Arrivals,DS125BR111RTWR,WQFN-24,25,Texas Instruments,Extended,WQFN-24(4x4) New Arrivals ROHS, ,1000-:2.146456693,200-499:2.266141732,30-199:5.855118110,1-9:5.855118110,500-999:2.185826772,10-29:5.855118110,0,
C2675197,Others,New Arrivals,SN65MLVD128DGGR,TSSOP-48,48,Texas Instruments,Extended,TSSOP-48 New Arrivals ROHS, ,1000-:1.222047244,200-499:1.289763780,30-199:3.330708661,1-9:3.330708661,500-999:1.244094488,10-29:3.330708661,0,
C2675198,Others,New Arrivals,TUSB544RNQR,WQFN-40,41,Texas Instruments,Extended,WQFN-40(4x6) New Arrivals ROHS, ,1000-:1.140157480,200-499:1.203149606,30-199:3.108661417,1-9:3.108661417,500-999:1.162204724,10-29:3.108661417,0,
C2675199,Others,New Arrivals,PI6ULS5V9517AUEX,MSOP-8,8,Diodes Incorporated,Extended,MSOP-8 New Arrivals ROHS,https://datasheet.lcsc.com/lcsc/2201121130_Diodes-Incorporated-PI6ULS5V9517AUEX_C2675199.pdf,1000-:0.182677165,200-499:0.192125984,30-199:0.497637795,1-9:0.497637795,500-999:0.185826772,10-29:0.497637795,0,
C2675200,Others,New Arrivals,PI6ULS5V9509UEX,MSOP-8,8,Diodes Incorporated,Extended,MSOP-8 New Arrivals ROHS, ,1000-:0.182677165,200-499:0.192125984,30-199:0.497637795,1-9:0.497637795,500-999:0.185826772,10-29:0.497637795,0,
C2675202,Others,New Arrivals,PI6ULS5V9517BUEX,MSOP-8,8,Diodes Incorporated,Extended,MSOP-8 New Arrivals ROHS, ,1000-:0.154960630,200-499:0.163574803,30-199:0.422677165,1-9:0.422677165,500-999:0.157826772,10-29:0.422677165,0,
C2675203,Others,New Arrivals,PI6ULS5V9627AZYEX,QFN-16,17,Diodes Incorporated,Extended,TQFN-16(4x4) New Arrivals ROHS,https://datasheet.lcsc.com/lcsc/2201121130_Diodes-Incorporated-PI6ULS5V9627AZYEX_C2675203.pdf,1000-:0.299212598,200-499:0.314960630,30-199:0.814173228,1-9:0.814173228,500-999:0.303937008,10-29:0.814173228,0,
C2675204,Others,New Arrivals,SN65LVDS116DGGR,TSSOP-64,64,Texas Instruments,Extended,TSSOP-64 New Arrivals ROHS, ,1000-:2.207874016,200-499:2.329133858,30-199:6.017322835,1-9:6.017322835,500-999:2.247244094,10-29:6.017322835,0,
C2675205,Others,New Arrivals,PI6ULS5V9515AUEX,MSOP-8,8,Diodes Incorporated,Extended,MSOP-8 New Arrivals ROHS, ,1000-:0.182677165,200-499:0.192125984,30-199:0.497637795,1-9:0.497637795,500-999:0.185826772,10-29:0.497637795,0,
C2675212,Others,New Arrivals,TUSB544IRNQT,WQFN-40,41,Texas Instruments,Extended,WQFN-40(4x6) New Arrivals ROHS, ,1000-:1.209448819,200-499:1.275590551,30-199:3.294488189,1-9:3.294488189,500-999:1.231496063,10-29:3.294488189,0,
C2675214,Others,New Arrivals,PI3EQX12908A2ZFEX,WQFN-54,55,Diodes Incorporated,Extended,TQFN-54(10x5.5) New Arrivals ROHS, ,1000-:1.642519685,200-499:1.733858268,30-199:4.480314961,1-9:4.480314961,500-999:1.672440945,10-29:4.480314961,0,
C2675217,Others,New Arrivals,PI3EQX1204-CZHEX,TQFN-42,43,Diodes Incorporated,Extended,TQFN-42(9x3.5) New Arrivals ROHS, ,1000-:1.173228346,200-499:1.239370079,30-199:3.200000000,1-9:3.200000000,500-999:1.195275591,10-29:3.200000000,0,
C2675218,Others,New Arrivals,MAX20326EFS+T,QFN-4,4,Maxim Integrated,Extended,FC2QFN-4(1.25x1.25) New Arrivals ROHS, ,1000-:0.181102362,200-499:0.192125984,30-199:0.494488189,1-9:0.494488189,500-999:0.185826772,10-29:0.494488189,0,
C2675219,Others,New Arrivals,PI6ULS5V9515AZEEX,TDFN-8,9,Diodes Incorporated,Extended,TDFN-8(2x3) New Arrivals ROHS, ,1000-:0.182677165,200-499:0.192125984,30-199:0.497637795,1-9:0.497637795,500-999:0.185826772,10-29:0.497637795,0,
C2675220,Others,New Arrivals,PCA9646PW,118,TSSOP-16,16,NXP Semicon,Extended,TSSOP-16 New Arrivals ROHS,https://datasheet.lcsc.com/lcsc/2106070736_NXP-Semicon-PCA9646PW-118_C2675220.pdf,1000-:1.118110236,200-499:1.179527559,30-199:3.048818898,1-9:3.048818898,500-999:1.138582677,10-29:3.048818898,0,
C2675221,Others,New Arrivals,DS25MB100TSQX/NOPB,QFN-36,37,Texas Instruments,Extended,WQFN-36(6x6) New Arrivals ROHS, ,1000-:1.768503937,200-499:1.866141732,30-199:4.820472441,1-9:4.820472441,500-999:1.800000000,10-29:4.820472441,0,
C2675222,Others,New Arrivals,DS08MB200TSQX/NOPB,WQFN-48,49,Texas Instruments,Extended,WQFN-48(7x7) New Arrivals ROHS, ,1000-:1.289763780,200-499:1.360629921,30-199:3.514960630,1-9:3.514960630,500-999:1.313385827,10-29:3.514960630,0,
C2675223,Others,New Arrivals,DS50PCI401SQ/NOPB,WQFN-54,55,Texas Instruments,Extended,WQFN-54(10x5.5) New Arrivals ROHS, ,1000-:2.228346457,200-499:2.351181102,30-199:6.074015748,1-9:6.074015748,500-999:2.269291339,10-29:6.074015748,0,
C2675224,Others,New Arrivals,PI3EQX7742AIZHEX,TQFN-42,43,Diodes Incorporated,Extended,TQFN-42(9x3.5) New Arrivals ROHS, ,1000-:0.707086614,200-499:0.744881890,30-199:1.925984252,1-9:1.925984252,500-999:0.719685039,10-29:1.925984252,0,
C2675227,Others,New Arrivals,SN65LVDS16DRFT,WSON-8,9,Texas Instruments,Extended,WSON-8(2x2) New Arrivals ROHS, ,1000-:1.352755906,200-499:1.428346457,30-199:3.688188976,1-9:3.688188976,500-999:1.377952756,10-29:3.688188976,0,
C2675228,Others,New Arrivals,SN65LVDS17DRFR,WSON-8,9,Texas Instruments,Extended,WSON-8(2x2) New Arrivals ROHS, ,1000-:1.045669291,200-499:1.102362205,30-199:2.848818898,1-9:2.848818898,500-999:1.064566929,10-29:2.848818898,0,
C2675229,Others,New Arrivals,DS64BR401SQ/NOPB,WQFN-54,55,Texas Instruments,Extended,WQFN-54(10x5.5) New Arrivals ROHS, ,1000-:3.359055118,200-499:3.544881890,30-199:9.160629921,1-9:9.160629921,500-999:3.420472441,10-29:9.160629921,0,
C2675230,Others,New Arrivals,DS80PCI810NJYT,WQFN-54,55,Texas Instruments,Extended,WQFN-54(10x5.5) New Arrivals ROHS, ,1000-:3.174803150,200-499:3.349606299,30-199:8.656692913,1-9:8.656692913,500-999:3.233070866,10-29:8.656692913,0,
C2675231,Others,New Arrivals,PI3DPX1203BZHEX,TQFN-42,43,Diodes Incorporated,Extended,TQFN-42(9x3.5) New Arrivals ROHS, ,1000-:0.462992126,200-499:0.489763780,30-199:1.262992126,1-9:1.262992126,500-999:0.472440945,10-29:1.262992126,0,
C2675232,Others,New Arrivals,DS80PCI800SQE/NOPB,WQFN-54,55,Texas Instruments,Extended,WQFN-54(10x5.5) New Arrivals ROHS, ,1000-:3.269291339,200-499:3.450393701,30-199:8.913385827,1-9:8.913385827,500-999:3.329133858,10-29:8.913385827,0,
C2675234,Others,New Arrivals,DS64BR111SQE/NOPB,HVQFN-24,25,Texas Instruments,Extended,WQFN-24(4x4) New Arrivals ROHS, ,1000-:2.329133858,200-499:2.456692913,30-199:6.348031496,1-9:6.348031496,500-999:2.371653543,10-29:6.348031496,0,
C2675235,Others,New Arrivals,TUSB1044IRNQT,WQFN-40,41,Texas Instruments,Extended,WQFN-40(4x6) New Arrivals ROHS, ,1000-:1.834645669,200-499:1.935433071,30-199:5.001574803,1-9:5.001574803,500-999:1.867716535,10-29:5.001574803,0,
C2675236,Others,New Arrivals,PI3EQX16904GLZHEX,TQFN-42,43,Diodes Incorporated,Extended,TQFN-42(9x3.5) New Arrivals ROHS,https://datasheet.lcsc.com/lcsc/2108071630_Diodes-Incorporated-PI3EQX16904GLZHEX_C2675236.pdf,1000-:1.784251969,200-499:1.883464567,30-199:4.862992126,1-9:4.862992126,500-999:1.817322835,10-29:4.862992126,0,
C2675237,Others,New Arrivals,SN65LVPE504RUAR,WFQFN-42,43,Texas Instruments,Extended,WQFN-42(3.5x9) New Arrivals ROHS, ,1000-:2.415748031,200-499:2.549606299,30-199:6.587401575,1-9:6.587401575,500-999:2.459842520,10-29:6.587401575,0,
C2675240,Others,New Arrivals,MAX14980ETO+T,TQFN-42,43,Maxim Integrated,Extended,TQFN-42_EP(3.5x9) New Arrivals ROHS, ,1000-:8.066141732,200-499:8.513385827,30-199:21.995275591,1-9:21.995275591,500-999:8.214173228,10-29:21.995275591,0,
C2675241,Others,New Arrivals,PTN36242LBS,518,QFN-32,33,NXP Semicon,Extended,HVQFN-32 New Arrivals ROHS, ,1000-:0.355905512,200-499:0.376377953,30-199:0.971653543,1-9:0.971653543,500-999:0.363779528,10-29:0.971653543,0,
C2675242,Others,New Arrivals,PTN36241BBS,128,HVQFN-24,25,NXP Semicon,Extended,HVQFN-24(4x4) New Arrivals ROHS, ,1000-:0.226771654,200-499:0.239370079,30-199:0.618897638,1-9:0.618897638,500-999:0.231496063,10-29:0.618897638,0,
C2675244,Others,New Arrivals,PCA9509PGM,125,XQFN-8,9,NXP Semicon,Extended,XQFN-8(1.6x1.6) New Arrivals ROHS,https://datasheet.lcsc.com/lcsc/2106070736_NXP-Semicon-PCA9509PGM-125_C2675244.pdf,1000-:0.126771654,200-499:0.133700787,30-199:0.345511811,1-9:0.345511811,500-999:0.128976378,10-29:0.345511811,0,
C2675247,Others,New Arrivals,PI3EQX1004ZHEX+FHX,TQFN-42,43,Diodes Incorporated,Extended,TQFN-42(9x3.5) New Arrivals ROHS,https://datasheet.lcsc.com/lcsc/2106071633_Diodes-Incorporated-PI3EQX1004ZHEX-FHX_C2675247.pdf,1000-:0.902362205,200-499:0.951181102,30-199:2.458267717,1-9:2.458267717,500-999:0.918110236,10-29:2.458267717,0,
C2675248,Others,New Arrivals,DS25BR110TSDX/NOPB,WSON-8,9,Texas Instruments,Extended,WSON-8(3x3) New Arrivals ROHS, ,1000-:0.938582677,200-499:0.990551181,30-199:2.557480315,1-9:2.557480315,500-999:0.955905512,10-29:2.557480315,0,
C2675249,Others,New Arrivals,SN65LVDS105PWRG4,TSSOP-16,16,Texas Instruments,Extended,TSSOP-16 New Arrivals ROHS, ,1000-:0.929133858,200-499:0.981102362,30-199:2.533858268,1-9:2.533858268,500-999:0.946456693,10-29:2.533858268,0,
C2675250,Others,New Arrivals,PI3EQX1004ZHEX+FDX,TQFN-42,43,Diodes Incorporated,Extended,TQFN-42(9x3.5) New Arrivals ROHS,https://datasheet.lcsc.com/lcsc/2106071633_Diodes-Incorporated-PI3EQX1004ZHEX-FDX_C2675250.pdf,1000-:0.902362205,200-499:0.951181102,30-199:2.458267717,1-9:2.458267717,500-999:0.918110236,10-29:2.458267717,0,
C2675771,Others,New Arrivals,SN65LVP19DRFT,WSON-8,9,Texas Instruments,Extended,WSON-8(2x2) New Arrivals ROHS, ,1000-:1.299212598,200-499:1.371653543,30-199:3.541732283,1-9:3.541732283,500-999:1.322834646,10-29:3.541732283,0,
C2688587,Others,New Arrivals,STLQ50C33R,SOT-323-5_L2.0-W1.3-P0.65-LS2.1,5,STMicroelectronics,Extended,SC-70-5 New Arrivals ROHS, ,1000-:0.000196850,1-999:0.000629921,0,
C2688806,Others,New Arrivals,CW2017BAAD,TDFN-8_2.0X2.0X0.5P,8,Cellwise,Extended,TDFN8 New Arrivals ROHS, ,1-999:0.000629921,1000-:0.000157480,0,
C2688824,Others,New Arrivals,CW6303AACQ,QFN-16_L3.0-W3.0-P0.50-EP1.5,17,Cellwise,Extended,QFN-16 New Arrivals ROHS, ,1-999:0.000629921,1000-:0.000157480,0,
C2690556,Others,New Arrivals,A1002WR-S-12P,SMD-12P,14,CJT(Changjiang Connectors),Extended,- New Arrivals ROHS, ,1-999:0.000629921,1000-:0.000157480,0,
C2690879,Others,New Arrivals,A2501WR-17P,TH-17_11.5X45.0X2.50P,17,CJT(Changjiang Connectors),Extended,- New Arrivals ROHS, ,1-999:0.000629921,1000-:0.000157480,0,
C2690881,Others,New Arrivals,A2501WR-19P,TH-19_11.5X50.0X2.50P,19,CJT(Changjiang Connectors),Extended,- New Arrivals ROHS, ,1-999:0.000629921,1000-:0.000157480,0,
C2691192,Others,New Arrivals,A2547WV-9P,TH-9P-L25.4-W6.62-P2.54,9,CJT(Changjiang Connectors),Extended,- New Arrivals ROHS, ,1000-:0.000196850,1-999:0.000629921,0,
C2691278,Others,New Arrivals,C3030WV-10P,C3030WV-10P,10,CJT(Changjiang Connectors),Extended,- New Arrivals ROHS, ,1000-:0.000196850,1-999:0.000629921,0,
C273250,Others,New Arrivals,BFR92PE6327HTSA1,SOT-23-3K,3,Infineon Technologies,Extended,SOT-23-3 New Arrivals ROHS, , ,0,
C2759893,Others,New Arrivals,DMG1024UV-7,SOT-563-6,6,Diodes Incorporated,Extended,SOT-563-6 New Arrivals ROHS, ,1000-:0.000196850,1-999:0.000629921,0,
C2761516,Others,New Arrivals,3VD11203-H7A0-4H,THrough hole,24,FOXCONN,Extended,Connectors New Arrivals ROHS, ,1000-:0.000196850,1-999:0.000629921,0,
C279569,Others,New Arrivals,STM32F103CBT6TR,LQFP-48_L7.0-W7.0-P0.50-LS9.0-BL,48,STMicroelectronics,Extended,LQFP-48 New Arrivals ROHS, ,1000-:0.000196850,1-999:0.000629921,0,
C2798399,Others,New Arrivals,LKS32MC057M6S8,SSOP-24_L8.7-W3.9-P0.635-LS6.0-BL,24,LINKOSEMI,Extended,SSOP-24 New Arrivals ROHS, ,1000-:0.000196850,1-999:0.000629921,0,
C2798413,Others,New Arrivals,LKS32MC086N8Q8,QFN-52_L6.0-W6.0-P0.40-EP4.5,57,LINKOSEMI,Extended,- New Arrivals ROHS, ,1000-:0.000196850,1-999:0.000629921,0,
C2803348,Others,No specification for star making plan,CPG151101S11,SMD,2,Kaihua Electronics Co.,LTD,Extended,KeySwitches Contact,https://www.kailhswitch.com/uploads/201815927/PG151101S11.pdf?rnd=334,1000-:0.000196850,1-999:0.000629921,0,
C2803358,Others,New Arrivals,RU30L40M2,DFN3X3D-8_EP,9,Shenzhen ruichips Semicon,Extended,DFN3333 New Arrivals ROHS, ,1000-:0.000196850,1-999:0.000629921,0,
C2829369,Others,New Arrivals,CJ6206B18F,DFNWB1*1-4L,5,Changjiang Electronics Tech (CJ),Extended,DFNWB1x1-4L New Arrivals ROHS, ,1000-:0.000196850,1-999:0.000629921,0,
C2829379,Others,New Arrivals,CJ6206B33M,SOT23-5,5,Changjiang Electronics Tech (CJ),Extended,SOT-23-5L New Arrivals ROHS, ,1000-:0.000196850,1-999:0.000629921,0,
C283321,Others,New Arrivals,TSH24IDT,SO-14_L8.7-W3.9-P1.27-LS6.0-BL,14,STMicroelectronics,Extended,SO-14 New Arrivals ROHS, ,1-999:0.000629921,1000-:0.000157480,0,
C2838747,Others,New Arrivals,SK6812MINI-RGBW,3735,6,NORMAND,Extended,SMD New Arrivals ROHS, ,1-999:0.000629921,1000-:0.000157480,0,
C2840444,Others,New Arrivals,PC817X3NIPW,SMD-4_L6.5-W4.6-P2.54-LS10.0,4,Sharp Microelectronics,Extended,SOP-4 New Arrivals ROHS, ,1000-:0.072755906,200-499:0.076850394,30-199:0.198425197,1-9:0.198425197,500-999:0.074173228,10-29:0.198425197,0,
C2844470,Others,New Arrivals,FEY15.3,SMD-14,14,TDG,Extended,SMD-14 New Arrivals ROHS, ,1-999:0.000629921,1000-:0.000157480,0,
C2848036,Others, ,GL823-QFN24,QFN-24_L4.0-W4.0-P0.50-EP2.0,25,GENESYS,Extended,USB 2.0 SD/MMC Card Reader Controller,https://datasheetspdf.com/pdf-file/987882/GENESYSLOGIC/GL823/1,1-999:0.000629921,1000-:0.000157480,0,
C2848332,Others,No specification for star making plan,MIMXRT106FDVL6B,LFBGA-196_10.0X10.0X0.65P,196,NXP Semiconductor,Extended,i.MX RT1060 Crossover Processors,https://www.nxp.com/docs/en/nxp/data-sheets/IMXRT1060CEC.pdf,1-999:0.000629921,1000-:0.000157480,0,
C2853066,Others, ,BKP1005EM221-T,L0402,2,Murata,Extended,Chip Ferrite Bead,https://www.murata.com/en-us/products/productdata/8796740059166/ENFA0018.pdf,1-999:0.000629921,1000-:0.000157480,0,
C2856295,Others,New Arrivals,GP8302-TC50-EW,ESOP-8_150mIL,9,Guestgood,Extended,ESOP-8 New Arrivals ROHS, ,1000-:0.000196850,1-999:0.000629921,0,
C2874217,Others,No specification for star making plan,PMM-3738-VM1010-R,SMD-8_2.95X3.76X0.97P,8,VESPER,Extended,Low-Noise Bottom Port Piezoelectric MEMS Microphone,https://www.puiaudio.com/media/SpecSheet/PMM-3738-VM1010-R.pdf,1-999:0.000629921,1000-:0.000157480,0,
C2875446,Others,No specification for star making plan,SS-108-G-2,SIP-8_1.83X20.32X2.54P,8,Samtec Inc.,Extended,2.54mm Machined Socket Strips,http://suddendocs.samtec.com/catalog_english/ss.pdf,1-999:0.000629921,1000-:0.000157480,0,
C2875624,Others,No specification for star making plan,DWM1001C,SMD-34_19.1X26.1X1.00P,34,Decawave,Extended,6.5 GHz Ultra-Wideband (UWB) Transceiver Module with MCU and Motion Sensor,file:///C:/Users/dengyanglin/Downloads/DWM1001%20Data%20Sheet.pdf,1-999:0.000629921,1000-:0.000157480,0,
C2875954,Others,No specification for star making plan,88885-2D0T,SMD-242_L66.51-W7.2-P0.50-LS8.2,242,ACES,Extended,0.5mm Pitch MXM Conn. Standard D/R R/A Type,https://www.acesconn.com/series/88885-2Dxx/833,1-999:0.000629921,1000-:0.000157480,0,
C2886000,Others,New Arrivals,CDBC560-G,SMC_L6.9-W5.9-LS7.9,2,Comchip Technology,Extended,DO-214AB New Arrivals ROHS, ,1000-:0.134960630,200-499:0.142519685,30-199:0.368188976,1-9:0.368188976,500-999:0.137480315,10-29:0.368188976,0,
C2887308,Others,New Arrivals,NST112-DSTR,SOT-563_L1.6-W1.2-P,6,NOVOSENSE,Extended,SOT-563 New Arrivals ROHS, ,1000-:0.000196850,1-999:0.000629921,0,
C2887878,Others, ,T3168,SOP-8_L5.0-W4.0-P1.24-LS6.0,8,AITENDO,Extended,Wireless power chip,http://aitendo3.sakura.ne.jp/aitendo_data/product_img/ic/power/T3138/T3138.pdf,1-999:0.000629921,1000-:0.000157480,0,
C2888356,Others,No specification for star making plan,ETA9640E8A,ESOP-8_L4.9-W3.9-P1.27-LS6.0-BL-EP,9,ETA,Extended,5V/1A Synchronous Boost with 1A Linear Charger for Power Bank,file:///C:/Users/dengyanglin/Downloads/datasheet.pdf,1-999:0.000629921,1000-:0.000157480,0,
C2892847,Others,No specification for star making plan,SIM7070G,LCC-68_24.0X24.0X1.00P,68,SIMCOM,Extended,10mA, Wireless Communication Modes,https://www.simcom.com/product/SIM7070G.html,1-999:0.000629921,1000-:0.000157480,0,
C2892881,Others,No specification for star making plan,Aplus Inc,SOIC-8_L4.9-W3.9-P1.27-LS6.0-BL,8,Aivr3K42,Extended,Embedded OTP memory and 8-bit MCU,https://i0018.aplusinc.com.tw/storage/OTP%20Voice%20ICs/MCU%20Speech/aIVR3K21_3K42/aIVR3K_series_DataSheet.pdf,1-999:0.000629921,1000-:0.000157480,0,
C2895689,Others,No specification for star making plan,L514HPD,LED-TH_2-4.6X6.5X2.54P,2,MULTICOMP PRO,Extended,3mm Round Type Flangeless and Housing,https://www.farnell.com/datasheets/2863904.pdf,1-999:0.000629921,1000-:0.000157480,0,
C2897876,Others,New Arrivals,MB210S,MBS-4_L4.7-W3.9-P2.50-LS7.0,4,YFW,Extended,MBS New Arrivals ROHS, ,1-999:0.000629921,1000-:0.000157480,0,
C2901873,Others,New Arrivals,STC8F1K08S2-28I-TSSOP20,TSSOP-20_L6.5-W4.4-P0.65-LS6.5-BL,20,STC Micro,Extended,TSSOP-20 New Arrivals ROHS, ,1000-:0.000196850,1-999:0.000629921,0,
C2902336,Others,New Arrivals,MY-927-02,SMD,2,MYOUNG,Extended,SMT New Arrivals ROHS, ,1000-:0.000196850,1-999:0.000629921,0,
C2902429,Others,New Arrivals,MXD2657BM,QFN-32_L4.0-W4.0-P0.40-EP,33,Maxscend,Extended,- New Arrivals ROHS, ,1000-:0.571653543,200-499:0.604724409,30-199:1.559055118,1-9:1.559055118,500-999:0.582677165,10-29:1.559055118,0,
C2908663,Others,No specification for star making plan,PEC09-2220F-S0012,Through hole,3,Bourns,Extended,9mm Incremental Encoder,https://www.bourns.com/docs/product-datasheets/pec09.pdf,1-999:0.000629921,1000-:0.000157480,0,
C2909508,Others,No specification for star making plan,POE13F-12LD,SMD,10,Coilcraft,Extended,FlybackTransformers,https://eu.mouser.com/datasheet/2/597/poe_trans-463496.pdf,1-999:0.000629921,1000-:0.000157480,0,
C2911570,Others,No specification for star making plan,PL2303GT,SSOP-28_L10.2-W5.3-P0.65-LS7.8-BL,28,PROLIFIC,Extended,USB to RS232 (Internal RS232 Transceiver),https://prolificusa.com/app/uploads/2019/06/DS-23181001_PL2303GT.pdf,1-999:0.000629921,1000-:0.000157480,0,
C2915105,Others,No specification for star making plan,TEA5767,HVQFN-40_L6.0-W6.0-P0.50-EP4.1,41,NPX,Extended,Low-power FM stereo radio for handheld applications,https://www.snapeda.com/parts/TEA5767/NXP%20USA/datasheet/,1-999:0.000629921,1000-:0.000157480,0,
C2916204,Others,New Arrivals,EC600NCNLD-N06-UNNDA,LCC-LGA-92_L22.9-W21.9-P1.00-T,92,Quectel,Extended,LCC New Arrivals ROHS, ,1000-:0.000196850,1-999:0.000629921,0,
C2916206,Others,New Arrivals,EC200UCNLA-N05-SGNSA,LCC,144,Quectel,Extended,LCC New Arrivals ROHS, ,1000-:0.000196850,1-999:0.000629921,0,
C2916910,Others,New Arrivals,Si12T,QFN32 5x5_N,33,Nanjing Zhongke Microelectronics,Extended,QFN32 New Arrivals ROHS, ,30-99:0.409448819,2000-3999:0.319685039,1-9:0.604724409,500-999:0.329133858,100-499:0.341732283,10-29:0.491338583,4000-:0.316535433,1000-1999:0.324409449,0,
C2917597,Others,No specification for star making plan,95501-6669,SMD,6,Molex,Extended,Right-Angle, Surface Mount Tube,https://www.molex.com/molex/products/part-detail/modular_jacks_plug/0955016669,1000-:0.000196850,1-999:0.000629921,0,
C2920720,Others,No specification for star making plan,MAX14943GWE,SOIC-16_L10.3-W7.5--P1.27-LS10.3-BL,16,MAXIM,Extended,RS-485 Transceiver with 35kV ESD Protection and Integrated Transformer Driver,https://datasheets.maximintegrated.com/en/ds/MAX14943.pdf,1000-:0.000196850,1-999:0.000629921,0,
C2920877,Others,Lack of specifications,VTEUMCJANF-12.288000,7.0 x 5.0 x 1.75 mm 6 pads,6,Taitien,Extended,7.0 x 5.0 x 1.75 mm 6 pads,https://www.taitien.com/cn/vcxo/,1000-:0.000196850,1-999:0.000629921,0,
C2928788,Others, ,TPS92360DCKR,SC-70-5,5,Texas instrument,Extended,38-V 1.2-A Single Channel LED Backlight Driver,https://www.ti.com/lit/ds/symlink/tps92360.pdf?ts=1638455260641&ref_url=https%253A%252F%252Fwww.ti.com%252Fproduct%252FTPS92360,1000-:0.000196850,1-999:0.000629921,0,
C2928789,Others, ,EW0361520000G,Through hole,9,Amphenol Anytek,Extended,2-12P Right-Angle,http://www.anytek.com.tw/UserUpFiles/20140310/Im7jbrNHP_6A.pdf,1000-:0.000196850,1-999:0.000629921,0,
C2931355,Others,New Arrivals,D09P24A4GV00LF,D-Sub 9pin,9,Amphenol ICC,Extended,- New Arrivals ROHS, ,1000-:0.000196850,1-999:0.000629921,0,
C2932939,Others, ,RK3328,TFBGA395L,395,Rockchip,Extended,Quad-core ARM Cortex-A53 CPU,https://rockchip.fr/RK3328%20datasheet%20V1.2.pdf,1000-:0.000196850,1-999:0.000629921,0,
C2942435,Others,New Arrivals,YJS05GP10A,SOIC-8_150mil,8,Yangzhou Yangjie Elec Tech,Extended,SOP-8 New Arrivals ROHS, ,1000-:0.142047244,200-499:0.149921260,30-199:0.387401575,1-9:0.387401575,500-999:0.144724409,10-29:0.387401575,0,
C295460,Others,New Arrivals,BUK9K35-60E,115,LFPAK-8_5X6,10,Nexperia,Extended,LFPAK56D New Arrivals ROHS, ,1000-:0.000196850,1-999:0.000629921,0,
C2970033,Others,New Arrivals,VIPER06LS,SSOP-10,10,STMicroelectronics,Extended,10-SOP New Arrivals ROHS, ,1000-:0.000196850,1-999:0.000629921,0,
C2973806,Others,New Arrivals,FH26W-31S-0.3SHW(60),0.3-31P,33,HRS(Hirose),Extended,- New Arrivals ROHS, ,1000-:0.000196850,1-999:0.000629921,0,
C306000,Others,New Arrivals,1761608-7,20POS 2.54MM,20,TE Connectivity,Extended,Through Hole New Arrivals ROHS, ,1-999:0.000629921,1000-:0.000157480,0,
C31397,Others,Lack of specifications,STM32F373RCT6,LQFP-64_10x10x05P,64,STMicroelectronics,Extended,LQFP-64 Lack of specifications, ,1-999:0.000629921,1000-:0.000196850,0,
C328645,Others,New Arrivals,RG1608P-202-B-T5,R0603,2,SUSUMU,Extended,0603 New Arrivals ROHS, ,1-999:0.000629921,1000-:0.000157480,0,
C329430,Others,New Arrivals,M0518SD2AE,LQFP-64_L7.0-W7.0-P0.40-LS9.0-BL,64,Nuvoton Tech,Extended,LQFP-48 New Arrivals ROHS, ,1000-:0.000196850,1-999:0.000629921,0,
C336182,Others,New Arrivals,DM9161BIEP,QFP-48_L7.0-W7.0-P0.50-LS9.0-BL,48,DAVICOM,Extended,QFP-48 New Arrivals ROHS, ,1000-:0.000196850,1-999:0.000629921,0,
C353860,Others,New Arrivals,SKY65174-21,MCM (10-pin, 4 x 4 mm),9,Skyworks Solutions,Extended,VFDFN-10 New Arrivals ROHS, ,1000-:0.000196850,1-999:0.000629921,0,
C367429,Others,New Arrivals,MT48LC16M16A2P-6AIT:GTR,54-pin TSOP II,54,Micron Tech,Extended,TSOP-54 New Arrivals ROHS, ,1000-:0.000196850,1-999:0.000629921,0,
C369766,Others,New Arrivals,GESD1005H150CR10GPT,0402,2,Sunlord,Extended,0402 New Arrivals ROHS, ,1-999:0.000629921,1000-:0.000157480,0,
C370878,Others,New Arrivals,RY8326,RY8326,8,RYCHIP Semiconductor Inc.,Extended,SOP-8 New Arrivals ROHS, ,1000-:0.000196850,1-999:0.000629921,0,
C370879,Others,New Arrivals,RY8336,ESOP-8_150MIL,9,RYCHIP Semiconductor Inc.,Extended,ESOP-8 New Arrivals ROHS, ,1000-:0.000196850,1-999:0.000629921,0,
C383344,Others,New Arrivals,ACT1210-220-2P-TL00,SMD-4,4,TDK,Extended,SMD New Arrivals ROHS, ,1000-:0.000196850,1-999:0.000629921,0,
C383362,Others,New Arrivals,MEM2012S101RT001,SMD,3,TDK,Extended,SMD New Arrivals ROHS, ,1000-:0.000196850,1-999:0.000629921,0,
C383428,Others,New Arrivals,ZJYS51R5-2PT-01,SMD-4_L6.86-W5.5-P2.54-LS9.0,4,TDK,Extended,SMD New Arrivals ROHS, ,1-999:0.000629921,1000-:0.000157480,0,
C389162,Others,New Arrivals,EM6GC16EWKG-10H,BGA-96_L,96,Etron Tech,Extended,BGA New Arrivals ROHS, ,1000-:0.000196850,1-999:0.000629921,0,
C402831,Others,New Arrivals,FM5401,ESOP-8_L4.9-W3.9-P1.27-LS6.0-BL-EP,9,Shenzhen Fuman Elec,Extended,ESOP-8 New Arrivals ROHS, ,1-999:0.000629921,1000-:0.000157480,0,
C404023,Others,New Arrivals,STM32WB55CGU6,UFQFPN-48_EP_7.0x7.0x0.5P,49,STMicroelectronics,Extended,UFQFPN-48 New Arrivals ROHS, , ,0,
C407853,Others,New Arrivals,MK64FN1M0VLL12,LQFP-100_14.0x14.0x0.5P,100,NXP Semicon,Extended,LQFP-100 New Arrivals ROHS, , ,0,
C413842,Others,New Arrivals,SI24R2E,QFN-20_EP_4.0x4.0x0.5P,21,Nanjing Zhongke Microelectronics,Extended,QFN20 New Arrivals RoHS, ,30-99:0.544881890,2000-3999:0.425196850,1-9:0.806299213,500-999:0.439370079,100-499:0.455118110,10-29:0.655118110,4000-:0.422047244,1000-1999:0.431496063,0,
C425022,Others,New Arrivals,SGM2033-3.3XN5G/TR,SGM2033-3.3XN5G(SOT23-5),5,SGMICRO,Extended, , ,1-999:0.000629921,1000-:0.000157480,0,
C425115,Others,New Arrivals,AXK6F80337YG,0.580pin,80,PANASONIC,Extended,SMD New Arrivals ROHS, ,1-999:0.000629921,1000-:0.000157480,0,
C425152,Others,New Arrivals,AXK500137YG,CONN-SMD_AXK5S00037YG,100,PANASONIC,Extended,SMD New Arrivals ROHS, ,1-999:0.000629921,1000-:0.000157480,0,
C459294,Others,New Arrivals,A4990KLPTR-T,TSSOP-28_L6.5-W4.4-P0.65-LS6.4-BL-EP,21,Allegro MicroSystems, LLC,Extended,TSSOP-20EP New Arrivals ROHS, ,1000-:0.000196850,1-999:0.000629921,0,
C459878,Others,New Arrivals,ADIS16470AMLZ,BGA-44_11.0X15.0X1.27P,44,Analog Devices,Extended,BGA-44 New Arrivals ROHS, ,1-999:0.000629921,1000-:0.000157480,0,
C461109,Others,New Arrivals,DMT6002LPS-13,PowerDI5060-8,9,Diodes Incorporated,Extended,SMD New Arrivals ROHS, ,1000-:0.000196850,1-999:0.000629921,0,
C463753,Others,New Arrivals,FT10001L6X,UFDFN-6_L1.45-W1-P0.50,6,onsemi,Extended,- New Arrivals ROHS, ,1000-:0.000196850,1-999:0.000629921,0,
C466076,Others,New Arrivals,SGM4588YTS16G/TR,TSSOP-16_4.4x5.0x0.65P,16,SGMICRO,Extended,TSSOP-16 New Arrivals RoHS, , ,0,
C468883,Others,No specification for star making plan,CV520,HVQFN-32_L5.0-W5.0-P0.50-EP3.1,33,NXP Semicon,Extended, , ,1-999:0.000629921,1000-:0.000157480,0,
C484281,Others,New Arrivals,XC6215B302MR-G,SOT23-5,5,Torex Semicon,Extended,SOT-25 New Arrivals ROHS, ,1000-:0.242519685,200-499:0.256692913,30-199:0.661417323,1-9:0.661417323,500-999:0.247244094,10-29:0.661417323,0,
C484285,Others,New Arrivals,XC6227C301MR-G,SOT_235,5,Torex Semicon,Extended,SOT-25 New Arrivals ROHS, ,1-9:0.368503937,10-29:0.368503937,30-199:0.368503937,200-499:0.142677165,500-999:0.137637795,1000-:0.135118110,0,
C490960,Others,New Arrivals,MAX1758EAI+T,MAX1758EAI+T,28,Maxim Integrated,Extended,SSOP-28 New Arrivals ROHS, ,1000-:0.000196850,1-999:0.000629921,0,
C507697,Others,No specification for star making plan,ZED-F9P-01B-00,LCC-102_17.0X22.0X1.1P,102,U-BLOX,Extended,No specification for star making plan RoHS, , ,0,
C515948,Others,No specification for star making plan,TLV76701DRVR,WDFN-6_EP_2.0x2.0x0.65P,6,Texas Instruments,Extended,No specification for star making plan RoHS, , ,0,
C527536,Others,New Arrivals,LM158JG,DIP8,8,Texas Instruments,Extended,CDIP-8 New Arrivals ROHS, ,1000-:0.000196850,1-999:0.000629921,0,
C542180,Others,New Arrivals,ECQUAAF105M,TH-2_12.0X26.0X22.50P,2,PANASONIC,Extended,Radial New Arrivals ROHS, ,1-999:0.000629921,1000-:0.000157480,0,
C559010,Others,New Arrivals,HT6029B,LQFP-48_L7.0-W7.0-P0.50-LS9.0-BL,48,HiTrend Tech (Shanghai),Extended,LQFP-48 New Arrivals ROHS, ,1000-:0.000196850,1-999:0.000629921,0,
C561348,Others,New Arrivals,HT45F3230,NSOP16_L9.9-W3.9-P1.27-LS6.0-BL,16,Holtek Semicon,Extended,NSOP-16 New Arrivals ROHS, ,1-999:0.000629921,1000-:0.000157480,0,
C561371,Others,New Arrivals,HT66F4530,SSOP-20_L8.7-W3.9-P0.64-LS6.0-BL,20,Holtek Semicon,Extended,NSOP-16 New Arrivals ROHS, ,1-999:0.000629921,1000-:0.000157480,0,
C600929,Others,No specification for star making plan,MPQ4420AGJ-AEC1-Z,TSOT-23-8,8,Monolithic Power Systems,Extended,SOT-23-8 Thin No specification for star making plan RoHS, , ,0,
C62815,Others,Lack of specifications,0805F510LT5F,0805,2,UNI-ROYAL(Uniroyal Elec),Extended,0805 Lack of specifications RoHS, ,25000-49950:0.003291339,1500-4950:0.003622047,100000-199950:0.003212598,50-450:0.005102362,500-1450:0.003858268,5000-24950:0.003401575,50000-99950:0.003244094,200000-:0.003181102,0,
C62818,Others,Lack of specifications,0805F360KT5E,0805,2,UNI-ROYAL(Uniroyal Elec),Extended,0805 Lack of specifications RoHS, ,50-450:0.003448819,1500-4950:0.002362205,100000-199950:0.002062992,200000-:0.002047244,500-1450:0.002535433,5000-24950:0.002204724,50000-99950:0.002094488,25000-49950:0.002125984,0,
C6945,Others,New Arrivals,TC7W14FU,SSOP-8,8,TOSHIBA,Extended,SOIC8_39MM New Arrivals ROHS, ,10-29:0.158236220,100-499:0.112283465,1000-1999:0.107086614,500-999:0.108818898,4000-:0.104881890,1-9:0.192913386,30-99:0.133070866,2000-3999:0.105826772,0,
C701340,Others,New Arrivals,ESP32-S2-SOLO-U(4MB),SMD-42,18X19.2X3.3,42,Espressif Systems,Extended,SMD42,18x25.5x3.2 New Arrivals ROHS, ,1-999:0.000629921,1000-:0.000157480,0,
C704901,Others,New Arrivals,KH25L6436FM2I-08G,SOP-8_208MIL,8,Macronix International,Extended,SOP-8 New Arrivals ROHS, ,1000-:0.000196850,1-999:0.000629921,0,
C780185,Others,New Arrivals,TISP4015L1BJR-S,SMB,2,BOURNS,Extended,SMB New Arrivals ROHS, ,1000-:0.000196850,1-999:0.000629921,0,
C8124,Others,New Arrivals,TC7WH74FU,SSOP-8,8,TOSHIBA,Extended,MSOP-8 New Arrivals ROHS, ,150-495:0.077007874,10000-19995:0.060629921,20000-:0.060157480,5-45:0.112913386,50-145:0.092125984,500-2495:0.064566929,5000-9995:0.061417323,2500-4995:0.062519685,0,
C843257,Others,Uncategorized,NX2016SA-24MHZ-STD-CZS-2,OSC-SMD,4,NDK,Extended, ,https://datasheet.lcsc.com/lcsc/2011192237_NDK-NX2016SA-24MHZ-STD-CZS-2_C843257.pdf,4000-:0.154015748,1-9:0.288346457,30-99:0.197007874,1000-1999:0.157322835,2000-3999:0.155433071,10-29:0.235433071,100-499:0.165433071,500-999:0.160031496,980,
C879471,Others,Uncategorized,K2-1103SP-K4SW-04,KEY-SMD,4,Korean Hroparts Elec,Extended, ,https://datasheet.lcsc.com/lcsc/2011192237_Korean-Hroparts-Elec-K2-1103SP-K4SW-04_C879471.pdf,50-145:0.091181102,500-2495:0.064566929,2500-4995:0.062519685,20000-:0.060157480,5-45:0.111338583,150-495:0.076535433,5000-9995:0.061417323,10000-19995:0.060787402,0,
C882615,Others,New Arrivals,BLA31BD102SN4D,SMD-8_1.6X3.2X0.80P,8,Murata Electronics,Extended,0805 New Arrivals ROHS, ,1000-:0.000196850,1-999:0.000629921,0,
C8945,Others,New Arrivals,PI5A100,QSOP-16,16,Pericom/Diodes,Extended,QSOP-16 New Arrivals ROHS, ,4000-:0.488188976,10-29:0.755905512,100-499:0.525984252,500-999:0.508661417,1-9:0.929133858,30-99:0.629921260,1000-1999:0.499212598,2000-3999:0.492913386,0,
C968645,Others,New Arrivals,GSD2004S-E3-08,SOT-23-3_L2.9-W1.3-P1.90-LS2.4,3,Vishay Intertech,Extended,SOT-23-3 New Arrivals ROHS, ,1000-:0.000196850,1-999:0.000629921,0,
C970952,Others,New Arrivals,140M31,SOIC-16-150mil,16,2Pai Semi,Extended,SOIC_N-16 New Arrivals ROHS, ,1000-:0.000196850,1-999:0.000629921,0,
C975030,Others,New Arrivals,CMS32M5332L048,LQFP-48_7.0x7.0x0.5P,48,Cmsemicon,Extended,LQFP-48_7x7x05P New Arrivals ROHS, , ,0,
C9900001679,Others,No specification for star making plan,VM1010,SMD,5,Vesper,Extended,Low Noise Bottom Port Analog Piezoelectric MEMS Microphone,https://vespermems.com/wp-content/uploads/2019/03/VM1010_Datasheet-1.pdf,1000-:0.000196850,1-999:0.000629921,0,
C9900003643,Others, ,621010242921,SMD-10_L10.6-W4.0-P2.00-LS6.2,10,Wurth Elektronik,Extended,SMT Straight Dual Bottom Entry Socket Header,https://www.we-online.com/catalog/datasheet/621010242921.pdf,1000-:0.000196850,1-999:0.000629921,0,
C9900005062,Others, ,XKT-335,SOP-8_L4.9-W3.9-P1.27-LS6.0-BL,8,AITENDO,Extended,Wireless power supply / Wireless charging,https://cb-electronics.com/products/xkt-335/,1000-:0.000196850,1-999:0.000629921,0,